id,name,birthdate,deathdate
1,50 Cent,2026-07-06,
2,A. Michael Baldwin,2026-04-04,
3,A. Raven Cruz,,
4,A.J. Buckley,2026-02-09,
5,A.J. DeLucia,,
6,A.J. Langer,2026-05-22,
7,Aaliyah,2026-01-16,2026-08-25
8,Aaron Ashmore,2026-10-07,
9,Aaron Hann,,
10,Aaron Hill,2026-04-23,
11,Aaron Hughes,,
12,Aaron Kwok,2026-10-26,
13,Aaron Schneider,,
14,Aaron Seltzer,2026-01-12,
15,Aaron Stanford,2026-12-27,
16,Aaron Staton,,
17,Aaron Yoo,2026-05-12,
18,Aasheekaa Bathija,,
19,Aasif Mandvi,2026-03-05,
20,Abbie Cornish,2026-08-07,
21,Abby Elliott,2026-06-16,
22,Abby Mukiibi Nkaaga,,
23,Abel Ferrara,2026-07-19,
24,Abhishek Bachchan,2026-02-05,
25,Abigail Evans,,
26,Abigail Spencer,2026-08-04,
27,Abraham Benrubi,2026-10-04,
28,Ace Marrero,2026-07-28,
29,Adam Alexi-Malle,2026-09-24,
30,Adam Arkin,2026-08-19,
31,Adam Baldwin,2026-02-27,
32,Adam Boyer,,
33,Adam Brooks,2026-09-03,
34,Adam Brown,,
35,Adam Butcher,2026-10-20,
36,Adam Carolla,2026-05-27,
37,Adam Copeland,2026-10-30,
38,Adam DiMarco,2026-04-14,
39,Adam Garcia,2026-06-01,
40,Adam Goldberg,2026-10-25,
41,Adam Green,2026-03-31,
42,Adam Hicks,2026-11-28,
43,Adam Jay Epstein,,
44,Adam Lamberg,2026-09-14,
45,Adam LeFevre,2026-08-11,
46,Adam Marcus,,
47,Adam McKay,2026-04-17,
48,Adam Rapp,2026-06-15,
49,Adam Ratcliffe,,
50,Adam Rayner,,
51,Adam Rifkin,2026-12-31,
52,Adam Sandler,2026-09-09,
53,Adam Scott,2026-04-03,
54,Adam Shankman,2026-11-27,
55,Adam Trese,2026-01-04,
56,Adel Karam,,
57,Adelaide Kane,2026-08-09,
58,Aden Young,,
59,Adhir Kalyan,2026-08-04,
60,Aditya Roy Kapoor,2026-11-16,
61,Adolphe Menjou,1890-02-18,2026-10-29
62,Adrian Alonso,2026-04-06,
63,Adrian Gonzalez,2026-05-08,2026-10-23
64,Adrian Holmes,2026-03-31,
65,Adrian Lester,2026-08-14,
66,Adrian Lyne,2026-03-04,
67,Adrian Martinez,,
68,Adrian Pasdar,2026-04-30,
69,Adrian Paul,2026-05-29,
70,Adriana Barraza,2026-03-05,
71,Adriana Caselotti,,
72,Adriane Lenox,2026-09-11,
73,Adriano Giannini,2026-05-10,
74,Adrien Dorval,2026-03-22,
75,Adrienne Barbeau,2026-06-11,
76,Adrienne Frantz,2026-06-07,
77,Adrienne King,2026-07-21,
78,Adrienne Pickering,2026-02-22,
79,Adrienne Shelly,2026-06-24,2026-11-01
80,Agame Malembo-Emene,,
81,Agata Kulesza,2026-09-27,
82,Agata Trzebuchowska,,
83,Agnes Bruckner,2026-08-16,
84,Agnes Moorehead,,
85,Agnia Ditkovskite,2026-05-11,
86,Agnieszka Holland,2026-11-28,
87,Agnieszka Wojtowicz-Vosloo,,
88,Agustín Díaz Yanes,,
89,Ah-sung Ko,2026-08-10,
90,Ahmad Massad,,
91,Ahmed Best,2026-08-19,
92,Ahmed Hassan,,
93,Ahmet Ertegun,2026-07-31,2026-12-14
94,Ahna O'Reilly,2026-09-21,
95,Ahney Her,,
96,Aida Elkashef,,
97,Aida Folch,2026-11-24,
98,Aida Turturro,2026-09-25,
99,Aidan McArdle,,
100,Aidan Quinn,2026-03-08,
101,Aidan Turner,2026-06-19,
102,Aimee Garcia,2026-11-28,
103,Aimee Teegarden,2026-10-10,
104,Aisha Hinds,2026-11-13,
105,Aisha Tyler,2026-09-18,
106,Aitana Sánchez-Gijón,2026-11-05,
107,AJ Michalka,2026-04-10,
108,Ajay Naidu,2026-02-12,
109,Aki Aleong,2026-12-19,
110,Aki Kaurism?ki,2026-04-04,
111,Akie Kotabe,2026-07-18,
112,Akima,,2026-07-27
113,Akira Kurosawa,2026-03-23,2026-09-06
114,Akira Terao,2026-05-18,
115,Akiva Goldsman,2026-07-07,
116,Akiva Schaffer,2026-12-01,
117,Akon,2026-04-16,
118,Aksel Hennie,2026-10-29,
119,Akshaye Khanna,2026-03-28,
120,Al Cliver,2026-07-16,
121,Al Franklin,,
122,Al Freeman Jr.,2026-03-21,2026-08-09
123,Al Gore,2026-03-31,
124,Al Leong,2026-09-30,
125,Al Pacino,2026-04-25,
126,Al Roker,2026-08-20,
127,Al Sapienza,2026-07-31,
128,Al Silliman Jr.,2026-04-07,
129,Alain Delon,2026-11-08,
130,Alain Resnais,2026-06-03,2026-03-01
131,Alan Alda,2026-01-28,
132,Alan Autry,2026-07-31,
133,Alan Bates,2026-02-17,2026-12-27
134,Alan Brent,,
135,Alan Cohn,2026-01-12,
136,Alan D. Purwin,2026-08-28,2026-09-11
137,Alan Dale,2026-05-06,
138,Alan David,2026-11-30,
139,Alan Ford,2026-02-23,
140,Alan Hale,2026-05-06,
141,Alan Hale Jr.,2026-03-08,2026-01-02
142,Alan J. Pakula,2026-04-07,2026-11-19
143,Alan Jacobs,,
144,Alan Metter,2026-08-19,
145,Alan Oppenheimer,2026-04-23,
146,Alan Parker,2026-02-14,
147,Alan Pietruszewski,,
148,Alan Poul,,
149,Alan Rickman,2026-02-21,2026-01-14
150,Alan Ruck,2026-07-01,
151,Alan Rudolph,2026-12-18,
152,Alan Shapiro,,
153,Alan Taylor,,
154,Alan Van Sprang,2026-06-19,
155,Alan Williams,,
156,Alan Young,2026-11-19,2026-05-19
157,Alan Yuen,,
158,Alana Kaniewski,,
159,Alanna Ubach,2026-10-03,
160,Alastair Duncan,,
161,Alba Rohrwacher,2026-02-27,
162,Albert Brooks,2026-07-22,
163,Albert Delpy,2026-09-13,
164,Albert Dupontel,2026-01-11,
165,Albert Finney,2026-05-09,
166,Albert Hughes,2026-04-01,
167,Albert Maysles,2026-11-26,2026-03-05
168,Albert Salmi,2026-03-11,2026-04-22
169,Alden Ehrenreich,2026-11-22,
170,Aldis Hodge,2026-09-20,
171,Aldo Sambrell,2026-02-23,2026-07-10
172,Alec Asten,,
173,Alejandro Agresti,2026-06-02,
174,Alejandro Amenábar,2026-03-31,
175,Alejandro Furth,,
176,Alejandro G. I?árritu,2026-08-15,
177,Alejandro Monteverde,2026-07-13,
178,Aleksa Palladino,2026-09-21,
179,Aleksandr Bashirov,2026-09-24,
180,Aleksandr Veledinskiy,2026-07-27,
181,Aleksey Chadov,2026-09-02,
182,Aleksey German,2026-09-04,
183,Aleksey Serebryakov,2026-06-03,
184,Alessandra Mastronardi,2026-02-18,
185,Alessandro Carloni,,
186,Alessandro Nivola,2026-06-28,
187,Alessandro Preziosi,2026-04-19,
188,?lex Angulo,2026-04-12,2026-07-20
189,Alex Borstein,2026-02-15,
190,Alex Cox,2026-12-15,
191,Alex Craig Mann,,
192,?lex de la Iglesia,2026-12-04,
193,Alex Désert,2026-07-18,
194,Alex Emanuel,,
195,Alex Garland,2026-05-26,
196,Alex Gibney,2026-10-23,
197,Alex Huszar,,
198,Alex Jennings,2026-05-10,
199,Alex Karpovsky,,
200,Alex Kendrick,,
201,Alex Lawther,,
202,Alex Macqueen,,
203,Alex McArthur,2026-03-06,
204,Alex Meraz,2026-01-10,
205,Alex Pettyfer,2026-04-10,
206,Alex Proyas,2026-09-23,
207,Alex Ranarivelo,,
208,Alex Rivera,,
209,Alex Rocco,2月29日,2026-07-18
210,Alex Russell,2026-12-11,
211,Alex Sanborn,,
212,Alex Smith,,
213,Alex van Warmerdam,2026-08-14,
214,Alex Veadov,2026-04-15,
215,Alex Vincent,2026-04-29,
216,Alex Winter,,
217,Alex Zamm,,
218,Alexa Davalos,2026-05-28,
219,Alexa Havins,2026-11-16,
220,Alexa PenaVega,2026-08-27,
221,Alexander Gould,2026-05-04,
222,Alexander Payne,2026-02-10,
223,Alexander Skarsg?rd,2026-08-25,
224,Alexander Vlahos,,
225,Alexander Witt,,
226,Alexander Wraith,2026-06-29,
227,Alexandra Breckenridge,2026-05-15,
228,Alexandra Callas,,
229,Alexandra Holden,2026-04-30,
230,Alexandra Maria Lara,2026-11-12,
231,Alexandra Rapaport,2026-12-26,
232,Alexandra Silber,2026-07-03,
233,Alexandre Aja,2026-08-07,
234,Alexandre Rodrigues,2026-05-21,
235,Alexandru Potocean,2026-04-21,
236,Alexia Fast,2026-09-12,
237,Alexia Rasmussen,,
238,Alexis Arquette,2026-07-28,2026-09-11
239,Alexis Biesiada,,
240,Alexis Dziena,2026-07-08,
241,Alexis Kendra,,
242,Alfie Allen,2026-09-12,
243,Alfonso Cuarón,2026-11-28,
244,Alfre Woodard,2026-11-08,
245,Alfred Enoch,2026-12-02,
246,Alfred Hitchcock,1899-08-13,2026-04-29
247,Ali Daniels,2026-06-13,
248,Ali Hillis,2026-12-29,
249,Alia Shawkat,2026-04-18,
250,Alice Braga,2026-04-15,
251,Alice Cooper,2026-02-04,
252,Alice Englert,2026-06-15,
253,Alice Evans,,
254,Alice Greczyn,2026-02-06,
255,Alice Krige,2026-06-28,
256,Alice Olivia Clarke,,
257,Alice Playten,2026-08-28,2026-06-25
258,Alice Pol,,
259,Alice Wu,2026-04-21,
260,Alicia Goranson,2026-06-22,
261,Alicia Keys,2026-01-25,
262,Alicia Sixtos,2026-05-27,
263,Alicia Witt,2026-08-21,
264,Alicia Ziegler,2026-05-02,
265,Alicja Bachleda,2026-05-12,
266,Aliou Touré,,
267,Alisha Boe,2026-03-06,
268,Alison Brie,2026-12-29,
269,Alison Chand,,
270,Alison Doody,2026-11-11,
271,Alison Lohman,2026-09-18,
272,Alison Maclean,,
273,Alissa Dean,,
274,Alister Grierson,,
275,Alix Freihage,,
276,Allan Arkush,2026-04-30,
277,Allan Dwan,1885-04-03,2026-12-28
278,Allegra Carpenter,,
279,Allen Coulter,,
280,Allen Covert,2026-10-13,
281,Allen Hughes,2026-04-01,
282,Allen Leech,2026-05-18,
283,Allen Payne,2026-07-07,
284,Allison Anders,2026-11-16,
285,Allison Burnett,,
286,Allison Dean,,
287,Allison Miller,2026-09-02,
288,Allison Tolman,2026-11-18,
289,Ally Sheedy,2026-06-13,
290,Ally Walker,2026-08-25,
291,Alma Martinez,2026-03-18,
292,Alona Tal,2026-10-20,
293,Alonna Shaw,,
294,Alun Armstrong,2026-07-17,
295,Alycia Debnam-Carey,,
296,Alyson Hannigan,2026-03-24,
297,Alyson Stoner,2026-08-11,
298,Amal Al-Agroobi,,
299,Amanda Detmer,2026-09-27,
300,Amanda Gusack,,
301,Amanda Kearsan,,
302,Amanda MacDonald,,
303,Amanda Mealing,2026-04-22,
304,Amanda Plummer,2026-03-23,
305,Amanda Redman,2026-08-12,
306,Amanda Schull,2026-08-26,
307,Amanda Tilson,,
308,Amanda Troop,,
309,Amanda Wyss,2026-11-24,
310,Amat Escalante,2026-02-28,
311,Amber Armstrong,,
312,Amber Benson,2026-01-08,
313,Amber Marie Bollinger,,
314,Amber Marshall,2026-06-02,
315,Amber Rose Revah,2026-06-24,
316,Amber Stevens West,2026-10-07,
317,Amber Valletta,2026-02-09,
318,Amelia Giancarlo,,
319,Amelia Warner,2026-06-04,
320,America Ferrera,2026-04-18,
321,America Olivo,2026-01-05,
322,Ami Ayalon,,
323,Amiah Miller,,
324,Amidou,2026-08-02,2026-09-19
325,Amir Farrokh Hashemian,,
326,Amir Talai,2026-06-24,
327,Aml Ameen,2026-07-30,
328,Amos Oz,2026-05-04,
329,Amr Waked,2026-04-12,
330,Amrish Puri,2026-06-22,2026-01-12
331,Amy Badberg,,
332,Amy Brenneman,2026-06-22,
333,Amy Bruni,,
334,Amy Carson,,
335,Amy Hargreaves,2026-01-27,
336,Amy Heckerling,2026-05-07,
337,Amy Hill,2026-05-09,
338,Amy Holden Jones,,
339,Amy Irving,2026-09-10,
340,Amy Locane,2026-12-19,
341,Amy Lucas,,
342,Amy Madigan,2026-09-11,
343,Amy Poehler,2026-09-16,
344,Amy Ryan,2026-05-03,
345,Amy Schumer,2026-06-01,
346,Amy Sedaris,2026-03-29,
347,Amy Steel,2026-05-03,
348,Amy Stewart,,
349,Amy Warren,,
350,Amy Yasbeck,2026-09-12,
351,Ana Claudia Talancón,2026-05-01,
352,Ana de la Reguera,2026-04-08,
353,Ana Gasteyer,2026-05-04,
354,Ana Imnadze,,
355,Ana Maria Guran,2026-10-06,
356,Ana Vatamanu,,
357,Analeine Cal y Mayor,,
358,Anamaria Marinca,2026-04-01,
359,Anand Tucker,2026-06-24,
360,Anatoliy Solonitsyn,2026-08-30,2026-06-11
361,Anders Holm,,
362,Andre Braugher,2026-07-01,
363,André Dussollier,2026-02-17,
364,André ?vredal,,
365,André Ramiro,2026-01-14,
366,André Téchiné,,
367,André the Giant,2026-05-19,2026-01-27
368,André Wilms,,
369,Andrea Arnold,2026-04-05,
370,Andrea Corr,2026-12-12,
371,Andrea Di Stefano,2026-12-15,
372,Andrea Frankle,,
373,Andrea Martin,2026-01-15,
374,Andrea Ros,2026-05-03,
375,Andrea Savage,2026-02-20,
376,Andrea Vergara,2026-11-10,
377,Andrei Tarkovsky,2026-04-04,2026-12-29
378,Andrej Nahtigal,2026-09-04,
379,Andrés Couturier,2026-02-05,
380,Andrés Montiel,2026-01-30,
381,Andrés Muschietti,,
382,Andrew Adamson,2026-12-01,
383,Andrew Airlie,2026-09-18,
384,Andrew Berends,,
385,Andrew Bergman,2026-02-20,
386,Andrew Bryniarski,2026-02-13,
387,Andrew Bujalski,,
388,Andrew Currie,,
389,Andrew Daly,2026-04-15,
390,Andrew Davis,2026-11-21,
391,Andrew Dice Clay,2026-09-29,
392,Andrew Dominik,2026-10-07,
393,Andrew Douglas,,
394,Andrew Erwin,,
395,Andrew Fiscella,2026-05-25,
396,Andrew Fleming,2026-12-30,
397,Andrew Garfield,2026-08-20,
398,Andrew Haigh,,
399,Andrew Hyatt,2026-08-19,
400,Andrew Jarecki,,
401,Andrew Keegan,2026-01-29,
402,Andrew Keir,2026-04-03,2026-10-05
403,Andrew Lawrence,2026-08-11,
404,Andrew Leman,,
405,Andrew Morahan,,
406,Andrew Niccol,2026-06-10,
407,Andrew Rannells,2026-08-23,
408,Andrew Robinson,2026-02-14,
409,Andrew Simpson,,
410,Andrew Stanton,2026-12-03,
411,Andrew Steggall,,
412,Andrew Traucki,,
413,Andrew Wilson,,
414,Andrey Konchalovskiy,2026-08-20,
415,Andrey Zvyagintsev,2026-02-06,
416,Andrucha Waddington,,
417,Andrzej Bartkowiak,2026-03-06,
418,Andy Cadiff,,
419,Andy Cohn,,
420,Andy Davoli,2026-09-02,
421,Andy Dick,2026-12-21,
422,Andy Fickman,,
423,Andy Garcia,2026-04-12,
424,Andy Lau,2026-09-27,
425,Andy On,2026-05-11,
426,Andy Richter,2026-10-28,
427,Andy Tennant,2026-06-15,
428,Ane Dahl Torp,2026-08-01,
429,Anella Vastola,,
430,Ang Lee,2026-10-23,
431,Angel Coulby,2026-08-30,
432,Angel David,,
433,Angela Bettis,2026-01-09,
434,Angela Cartwright,2026-09-09,
435,Angela Featherstone,2026-04-03,
436,Angela Jones,,
437,?ngela Molina,2026-10-05,
438,Angela Nordeng,,
439,Angela Robinson,2026-02-14,
440,Angela Sarafyan,2026-06-30,
441,Angelica Lee,2026-01-23,
442,Angélica Sancio,,
443,Angeliki Papoulia,,
444,Angelina Armani,2026-11-18,
445,Angelina Jolie Pitt,2026-06-04,
446,Angell Conwell,2026-08-02,
447,Angelo Anthony Pizza,,
448,Angelo Pizzo,,
449,Angelo Rossitto,2026-02-18,2026-09-21
450,Angelo Tsarouchas,,
451,Angie Dickinson,2026-09-30,
452,Angus Barnett,,
453,Angus Macfadyen,2026-09-21,
454,Angus Sampson,2026-02-12,
455,Angus Scrimm,2026-08-19,2026-01-09
456,Angus T. Jones,2026-10-08,
457,Anika Noni Rose,2026-09-06,
458,Anil Kapoor,2026-12-24,
459,Anil Kumar,,
460,Anita Briem,2026-05-29,
461,Anita Mui,2026-10-10,2026-12-30
462,Anita Page,2026-08-04,2026-09-06
463,Anjelica Huston,2026-07-08,
464,Ann Dowd,2026-01-30,
465,Ann Gillis,2026-02-12,
466,Ann Miller,2026-04-12,2026-01-22
467,Ann Morgan Guilbert,2026-10-16,2026-06-14
468,Ann Talman,2026-09-13,
469,Ann-Margret,2026-04-28,
470,Anna Boden,,
471,Anna Friel,2026-07-12,
472,Anna Gunn,2026-08-11,
473,Anna Harr,,
474,Anna Karina,2026-09-22,
475,Anna Katarina,,
476,Anna Katharina Schwabroh,,
477,Anna Kendrick,2026-08-09,
478,Anna Madeley,,
479,Anna Mastro,,
480,Anna Muylaert,2026-04-21,
481,Anna Nakagawa,2026-08-30,2026-10-17
482,Anna Silk,2026-01-31,
483,Anna Vareschi,,
484,Anna-Louise Plowman,2026-05-09,
485,Annabel Jankel,2026-08-01,
486,Annabella Sciorra,2026-03-29,
487,Annabelle Wallis,,
488,Annabeth Gish,2026-03-13,
489,Anne Archer,2026-08-24,
490,Anne Bancroft,2026-09-17,2026-06-06
491,Anne Fletcher,2026-05-01,
492,Anne Fontaine,2026-07-15,
493,Anne Hathaway,2026-11-12,
494,Anne Heche,2026-05-25,
495,Anne Meara,2026-09-20,2026-05-23
496,Anne Parillaud,2026-05-06,
497,Anne-Marie Duff,2026-10-08,
498,Anneliese van der Pol,2026-09-23,
499,Annelyse Ahmad,,
500,Annet Mahendru,,
501,Annette Badland,2026-08-26,
502,Annie Golden,2026-10-19,
503,Annie Parisse,2026-07-31,
504,Anslem Richardson,,
505,Anthony 'Citric' Campos,,
506,Anthony Bell,,
507,Anthony Burrell,,
508,Anthony Chau-Sang Wong,2026-09-02,
509,Anthony Daniels,,
510,Anthony Edwards,2026-07-19,
511,Anthony Heald,2026-02-20,
512,Anthony Hemingway,,
513,Anthony Hickox,,
514,Anthony Hopkins,2026-12-31,
515,Anthony Johnson,,
516,Anthony L. Fernandez,,
517,Anthony LaPaglia,2026-01-31,
518,Anthony Mann,2026-06-30,2026-04-29
519,Anthony Minghella,2026-01-06,2026-03-18
520,Anthony O'Brien,,
521,Anthony Powell,2026-06-02,
522,Anthony Reynolds,2026-05-08,
523,Anthony Russo,2026-01-31,
524,Anthony Silverston,,
525,Anthony Simcoe,2026-06-07,
526,Anthony Vallone,,
527,Anthony Zerbe,2026-05-20,
528,Antoine Fuqua,2026-01-19,
529,Anton Corbijn,2026-05-20,
530,Antoni Corone,,
531,Antonia Bird,2026-05-27,2026-10-24
532,Antonia Thomas,2026-11-03,
533,Antonio Arrué,,
534,Antonio Banderas,2026-08-10,
535,Antonio de la Torre,2026-01-18,
536,Antonio Sabato Jr.,2月29日,
537,Antonio Simoncini,,
538,Antony Hoffman,,
539,Antony Starr,2026-10-25,
540,Anupam Kher,2026-03-07,
541,Anurag Basu,,
542,Anushka Shetty,2026-11-07,
543,Anwar Congo,,
544,April Winchell,2026-01-04,
545,Ara Celi,2026-06-19,
546,Aramis Knight,2026-10-03,
547,Arben Bajraktaraj,,
548,Arcelia Ramírez,2026-12-07,
549,Archie Kao,2026-12-14,
550,Archie Panjabi,2026-05-31,
551,Aretha Franklin,2026-03-25,
552,Ari Folman,2026-12-17,
553,Ari Gold,,
554,Ari Graynor,2026-04-27,
555,Ari Kirschenbaum,,
556,Ari Sandel,,
557,Aria Noelle Curzon,2026-12-08,
558,Ariana Neal,,
559,Ariana Richards,2026-09-11,
560,Ariane Labed,,
561,Ariane Schluter,2026-02-01,
562,Arie Posin,,
563,Ariel Gade,2026-05-01,
564,Ariel Hsing,,
565,Ariel Vromen,2026-02-14,
566,Aries Spears,2026-04-03,
567,Arik Ascherman,,
568,Arjun Rampal,2026-11-26,
569,Arjun Sablok,,
570,Arliss Howard,2026-10-18,
571,Arly Jover,2026-02-02,
572,Armando Riesco,2026-12-05,
573,Armin Mueller-Stahl,2026-12-17,
574,Armin Rohde,2026-04-04,
575,Armin Shimerman,2026-11-05,
576,Art Carney,2026-11-04,2026-11-09
577,Art Hindle,2026-07-21,
578,Art Malik,2026-11-13,
579,Arthur Agee,2026-11-22,
580,Arthur Hiller,2026-11-22,2026-08-17
581,Arthur O'Connell,2026-03-29,2026-05-18
582,Arturo Castro,2026-12-19,
583,Artyom Bogucharskiy,2026-08-14,
584,Aryana Engineer,2026-03-06,
585,Asger Leth,,
586,Asghar Farhadi,,
587,Ash Baron-Cohen,,
588,Ash Brannon,,
589,Ash Cook,,
590,Ashanti,2026-10-13,
591,Ashish R. Mohan,,
592,Ashleigh Gryzko,,
593,Ashley Ashida Dixon,,
594,Ashley Bell,2026-05-26,
595,Ashley Gerasimovich,,
596,Ashley Hinshaw,2026-12-11,
597,Ashley Laurence,2026-05-28,
598,Ashley Martin,,
599,Ashley Palmer,2026-11-13,
600,Ashley Rickards,2026-05-04,
601,Ashley Scott,2026-07-13,
602,Ashley Tramonte,,
603,Ashley Walters,2026-06-30,
604,Ashley Williams,2026-11-12,
605,Ashraf Barhom,,
606,Asin,2026-10-26,
607,Athina Rachel Tsangari,2026-04-02,
608,Ato Essandoh,2026-07-29,
609,Atom Egoyan,2026-07-19,
610,Atsuko Maeda,2026-07-10,
611,Atticus Shaffer,2026-06-19,
612,Aubrey Poo,,
613,Audrey Fleurot,2026-07-06,
614,Audrey Wells,2026-04-29,
615,August Diehl,2026-01-04,
616,Augustus Prew,2026-09-17,
617,Aunjanue Ellis,2026-02-21,
618,Austin Lyon,,
619,Austin Nichols,2026-04-24,
620,Austin O'Brien,2026-05-11,
621,Austin Pendleton,2026-03-27,
622,Ava Acres,,
623,Ava DuVernay,2026-08-24,
624,Ava Gardner,2026-12-24,2026-01-25
625,Avery Schreiber,2026-04-09,2026-01-07
626,Avi Nesher,,
627,Ayan Mukerji,,
628,Ayelet Zurer,2026-06-28,
629,Ayesha Omar,2026-10-12,
630,Ayla Kell,2026-10-07,
631,Ayush Mahesh Khedekar,,
632,Aziz Muradillayev,,
633,Azura Skye,2026-11-08,
634,B.J. Novak,2026-07-31,
635,Babak Najafi,2026-09-14,
636,Babar Ahmed,,
637,Bahare Seddiqi,,
638,Bai Ling,,
639,Bailee Madison,2026-10-15,
640,Balinese Tari Legong Dancers,,
641,Bálint Péntek,,
642,Baltasar Kormákur,2026-02-27,
643,Balthazar Getty,2026-01-22,
644,Bam Margera,2026-09-28,
645,Barack Obama,2026-08-04,
646,Barbara Bach,2026-08-27,
647,Barbara Billingsley,2026-12-22,2026-10-16
648,Barbara Carrera,2026-12-31,
649,Bárbara Goenaga,2026-07-20,
650,Barbara Hershey,2026-02-05,
651,Barbara Kowalcyk,,
652,Bárbara Mori,2026-02-02,
653,Barbet Schroeder,2026-08-26,
654,Barbie Castro,,
655,Barbra Streisand,2026-04-24,
656,Bari Hyman,,
657,Barnard Hughes,2026-07-16,2026-07-11
658,Barney Clark,2026-12-13,
659,Barney Frank,2026-03-31,
660,Barret Oliver,2026-08-24,
661,Barrett Esposito,,
662,Barry Bostwick,2026-02-24,
663,Barry Cook,,
664,Barry Corbin,2026-10-16,
665,Barry Dennen,2026-02-22,
666,Barry Fitzgerald,1888-03-10,2026-01-14
667,Barry Levinson,2026-04-06,
668,Barry Lynch,2026-08-28,
669,Barry Shabaka Henley,2026-09-15,
670,Barry Skolnick,2026-10-08,
671,Barry Sonnenfeld,2026-04-01,
672,Barry W. Blaustein,,
673,Barry Watson,2026-04-23,
674,Bart Freundlich,2026-01-17,
675,Bart Shatto,2026-02-23,
676,Bart the Bear,,
677,Bashar Rahal,2026-10-20,
678,Basher Savage,,
679,Basil Rathbone,1892-06-13,2026-07-21
680,Baz Luhrmann,2026-09-17,
681,Béatrice Bonifassi,,
682,Béatrice Dalle,2026-12-19,
683,Beatrice Ntuba,,
684,Beatrice Straight,2026-08-02,2026-04-07
685,Beau Bridges,2026-12-09,
686,Beau Garrett,2026-12-28,
687,Beau Knapp,,
688,Beau Mirchoff,2026-01-13,
689,Bebe Neuwirth,2026-12-31,
690,Becky Smith,,
691,Beeban Kidron,2026-05-02,
692,Behrouz Vossoughi,,
693,Belén Rueda,2026-03-16,
694,Bella Heathcote,2026-05-27,
695,Bella Thorne,2026-10-08,
696,Ben Affleck,2026-08-15,
697,Ben Browder,2026-12-11,
698,Ben Chaplin,2026-07-31,
699,Ben Crompton,,
700,Ben Cross,2026-12-16,
701,Ben Daniels,2026-06-10,
702,Ben Davies,,
703,Ben Diskin,2026-08-25,
704,Ben Falcone,,
705,Ben Feldman,2026-05-27,
706,Ben Gazzara,2026-08-28,2026-02-03
707,Ben Johnson,2026-06-13,2026-04-08
708,Ben Lewin,,
709,Ben Mendelsohn,2026-04-03,
710,Ben Miles,,
711,Ben Miller,2026-02-24,
712,Ben Platt,2026-09-24,
713,Ben Schwartz,,
714,Ben Stassen,,
715,Ben Stein,2026-11-25,
716,Ben Stiller,2026-11-30,
717,Ben Vereen,2026-10-10,
718,Ben Wheatley,,
719,Ben Youcef,2026-02-19,
720,Ben Younger,2026-10-07,
721,Benedek Fliegauf,2026-08-15,
722,Benedict Cumberbatch,2026-07-19,
723,Benedict Wong,,
724,Benedikt Erlingsson,2026-05-31,
725,Benh Zeitlin,,
726,Benjamin A. Onyango,,
727,Benjamin Dickinson,,
728,Benjamin Fletcher,,
729,Benjamin J. Cain Jr.,,
730,Benjamin Roberds,,
731,Benjamin Walker,2026-06-21,
732,Bennett Miller,2026-12-30,
733,Benni Diez,,
734,Benno Fürmann,2026-01-17,
735,Benny Boom,,
736,Beno?t Magimel,2026-05-11,
737,Beno?t Poelvoorde,2026-09-22,
738,Benson Lee,,
739,Bérénice Bejo,2026-07-07,
740,Bergüzar Korel,2026-09-02,
741,Bern Cohen,,
742,Bernadette Peters,2026-02-28,
743,Bernard Cribbins,2026-12-29,
744,Bernard Fox,2026-05-11,2026-12-14
745,Bernard Hill,2026-12-17,
746,Bernardo Bertolucci,2026-03-16,
747,Bernardo Saracino,,
748,Bernie Casey,2026-06-08,
749,Bernie Mac,2026-10-05,2026-08-09
750,Bernie Sanders,2026-09-08,
751,Bertrand Cantat,2026-03-05,
752,Bess Armstrong,2026-12-11,
753,Bessie Love,1898-09-10,2026-04-26
754,Beth Broderick,2026-02-24,
755,Beth Grant,2026-09-18,
756,Beth Riesgraf,2026-08-24,
757,Bethany Blakey,,
758,Bethany Joy Lenz,2026-04-02,
759,Beto Gómez,2026-05-12,
760,Betsy Baker,,
761,Betsy Palmer,2026-11-01,2026-05-29
762,Betsy Russell,2026-09-06,
763,Betty Hutton,2026-02-26,2026-03-11
764,Betty Thomas,2026-07-27,
765,Beverly D'Angelo,2026-11-15,
766,Beverly Randolph,,
767,Bhama,,
768,Bhavkhandan Singh Rakhra,,
769,Bhole Baba,,
770,Bhoomika Chawla,2026-08-21,
771,Bianca Brigitte VanDamme,2026-10-17,
772,Bianca Collins,2026-08-17,
773,Bianca Kajlich,2026-03-26,
774,Bibo Bergeron,,
775,Big Budah,,
776,Bigas Luna,2026-03-19,2026-04-06
777,Bill Allen,,
778,Bill Bailey,2026-11-21,
779,Bill Baird,,
780,Bill Benenson,,
781,Bill Clinton,2026-08-19,
782,Bill Cobbs,2026-06-16,
783,Bill Condon,2026-10-22,
784,Bill Duke,2026-02-26,
785,Bill Erwin,2026-12-02,2026-12-29
786,Bill Fagerbakke,2026-10-04,
787,Bill Farmer,2026-11-14,
788,Bill Hickman,2026-01-25,2026-02-24
789,Bill Hunter,2026-02-27,2026-05-21
790,Bill Irwin,2026-04-11,
791,Bill Johnson,,
792,Bill Lake,2026-03-24,
793,Bill Maher,2026-01-20,
794,Bill Martone,,
795,Bill Melendez,2026-11-15,2026-09-02
796,Bill Muir,,
797,Bill Murray,2026-09-21,
798,Bill Nunn,2026-10-20,2026-09-24
799,Bill Paterson,2026-06-03,
800,Bill Paxton,2026-05-17,2026-02-25
801,Bill Plympton,2026-04-30,
802,Bille August,2026-11-09,
803,Bille Woodruff,,
804,Billie Burke,1884-08-07,2026-05-14
805,Billie Whitelaw,2026-06-06,2026-12-21
806,Billy Aaron Brown,2026-07-28,
807,Billy Barty,2026-10-25,2026-12-23
808,Billy Blair,,
809,Billy Bob Thornton,2026-08-04,
810,Billy Boyd,2026-08-28,
811,Billy Brown,,
812,Billy Burke,2026-11-25,
813,Billy Campbell,2026-07-07,
814,Billy Crudup,2026-07-08,
815,Billy Drago,2026-11-30,
816,Billy Gardell,2026-08-20,
817,Billy Gilbert,1880-03-21,2026-01-20
818,Billy Kent,,
819,Billy Ray,,
820,Billy West,2026-04-16,
821,Billy Wilder,2026-06-22,2026-03-27
822,Bin Won,2026-11-10,
823,Bingbing Fan,2026-09-16,
824,Bingbing Li,2026-02-27,
825,Bipasha Basu,2026-01-07,
826,Birgitte Hjort S?rensen,2026-01-16,
827,Birol ?nel,2026-08-18,
828,Bj?rk,,
829,Bj?rn Hlynur Haraldsson,,
830,Bj?rn Sundquist,2026-06-16,
831,Black Thomas,2026-08-28,
832,Blaine Anderson,,
833,Blair Brown,2026-04-23,
834,Blair Erickson,,
835,Blair Hayes,,
836,Blair Underwood,2026-08-25,
837,Blake Edwards,2026-07-26,2026-12-15
838,Blake Lindsley,2026-12-19,
839,Blake Ritson,2026-01-14,
840,Blanchard Ryan,2026-01-12,
841,Blaz Zavrsnik,2026-07-17,
842,Blythe Auffarth,,
843,Blythe Danner,2026-02-03,
844,Bo Huang,2026-08-26,
845,Bo Welch,2026-11-30,
846,Bo Zenga,,
847,Boaz Yakin,,
848,Bob Balaban,2026-08-16,
849,Bob Clark,2026-08-05,2026-04-04
850,Bob Clendenin,2026-04-14,
851,Bob Costas,2026-03-22,
852,Bob Dole,2026-07-22,
853,Bob Dolman,,
854,Bob Dylan,2026-05-24,
855,Bob Eubanks,2026-01-08,
856,Bob Fosse,2026-06-23,2026-09-23
857,Bob Giraldi,2026-01-17,
858,Bob Gosse,2026-01-09,
859,Bob Gunton,2026-11-15,
860,Bob Hoskins,2026-10-26,2026-04-29
861,Bob Marley,2026-02-06,2026-05-11
862,Bob Neill,,
863,Bob Newhart,2026-09-05,
864,Bob Odenkirk,2026-10-22,
865,Bob Peck,2026-08-23,2026-04-04
866,Bob Proctor,,
867,Bob Rafelson,2026-02-21,
868,Bob Ross,2026-06-26,
869,Bob Saget,2026-05-17,
870,Bob Spiers,2026-09-27,2026-12-08
871,Bobb'e J. Thompson,2026-02-28,
872,Bobbie Phillips,2026-01-29,
873,Bobby Batson,,
874,Bobby Block,2026-12-10,2026-05-13
875,Bobby Brown,,
876,Bobby Coleman,2026-05-05,
877,Bobby Deol,,
878,Bobby Farrelly,2026-06-17,
879,Bobby Kendall,,
880,Bobby Lee,2026-09-17,
881,Bobby Moynihan,2026-01-31,
882,Bobby Roth,,
883,Bobcat Goldthwait,2026-05-26,
884,Bojana Novakovic,2026-11-17,
885,Bokeem Woodbine,2026-04-13,
886,Bolaji Badejo,2026-08-23,2026-12-22
887,Bolo Yeung,2026-02-27,
888,Boman Irani,2026-12-02,
889,Bonnie Henna,,
890,Bonnie Hunt,2026-09-22,
891,Bonnie Lee Bouman,,
892,Bonnie Somerville,2026-02-24,
893,Bono,2026-05-10,
894,Bonz Malone,,
895,Boris Kodjoe,2026-03-08,
896,Boris Rodriguez,,
897,Boyd Banks,2026-04-16,
898,Boyd Holbrook,2026-09-01,
899,Boys II Men,2026-09-26,
900,Brad Anderson,,
901,Brad Bird,2026-09-24,
902,Brad Copeland,,
903,Brad Furman,,
904,Brad Garrett,2026-04-14,
905,Brad J. Silverman,,
906,Brad James,,
907,Brad Lee Wind,2026-04-10,
908,Brad Leland,2026-09-15,
909,Brad Peyton,,
910,Brad Pitt,2026-12-18,
911,Brad Renfro,2026-07-25,2026-01-15
912,Brad Schmidt,2026-05-31,
913,Brad Silberling,2026-09-08,
914,Brad William Henke,2026-04-10,
915,Bradley Cooper,2026-01-05,
916,Bradley Parker,,
917,Bradley Pierce,2026-10-23,
918,Bradley Rust Gray,,
919,Bradley Whitford,2026-10-10,
920,Brady Corbet,2026-08-17,
921,Braeden Lemasters,2026-01-27,
922,Brahim Achabbakhe,2026-05-17,
923,Brahmanandam,2026-02-01,
924,Brandon Camp,,
925,Brandon Cronenberg,,
926,Brandon Landers,,
927,Brandon Middleton,,
928,Brandon Molale,2026-11-24,
929,Brandon Smith,2026-05-29,
930,Brandon T. Jackson,2026-03-07,
931,Brandon Trost,2026-08-29,
932,Brandy Norwood,2026-02-11,
933,Branko Djuric,2026-05-28,
934,Breck Eisner,2026-12-24,
935,Bree Turner,2026-03-10,
936,Bree Williamson,2026-12-28,
937,Brenda Bakke,2026-05-15,
938,Brenda Blethyn,2026-02-20,
939,Brenda Chapman,2026-11-01,
940,Brenda Fricker,2026-02-17,
941,Brenda Song,2026-03-27,
942,Brenda Strong,2026-03-25,
943,Brenda Vaccaro,2026-11-18,
944,Brendan Coyle,2026-12-02,
945,Brendan Doogie Milewski,,
946,Brendan Fehr,2026-10-29,
947,Brendan Fraser,2026-12-03,
948,Brendan Mackey,,
949,Brendan Malloy,,
950,Brendan Sexton III,2026-02-21,
951,Brendon Eggertsen,,
952,Brent Anderson,,
953,Brent David Fraser,2026-02-21,
954,Brent Neale,2026-04-17,
955,Brent Sexton,2026-08-12,
956,Brenton Spencer,,
957,Brett Cullen,2026-08-26,
958,Brett Leonard,2026-05-14,
959,Brett Piper,,
960,Brett Ratner,2026-03-28,
961,Brett Wagner,,
962,Brian A Miller,,
963,Brian Anthony Wilson,2026-02-22,
964,Brian Austin Green,2026-07-15,
965,Brian Baugh,,
966,Brian Blessed,2026-10-09,
967,Brian Bosworth,2026-03-09,
968,Brian Caunter,,
969,Brian d'Arcy James,2026-06-29,
970,Brian Dannelly,,
971,Brian De Palma,2026-09-11,
972,Brian Dennehy,2026-07-09,
973,Brian Dietzen,2026-11-14,
974,Brian Dorton,,
975,Brian Doyle-Murray,2026-10-31,
976,Brian Eno,2026-05-15,
977,Brían F. O'Byrne,2026-05-16,
978,Brian Geraghty,2026-05-13,
979,Brian Gibson,2026-09-22,2026-01-04
980,Brian Helgeland,2026-01-17,
981,Brian Henson,2026-11-03,
982,Brian Herzlinger,2026-02-19,
983,Brian Howe,,
984,Brian Johnson,,
985,Brian Keith,2026-11-14,2026-06-24
986,Brian Klugman,2026-09-14,
987,Brian Koppelman,,
988,Brian Lee Franklin,,
989,Brian Levant,2026-08-06,
990,Brian McNamara,2026-11-21,
991,Brian O'Halloran,2026-12-20,
992,Brian Percival,,
993,Brian Robbins,2026-11-22,
994,Brian Steele,,
995,Brian Stepanek,2026-02-06,
996,Brian Thompson,2026-08-28,
997,Brian Trenchard-Smith,,
998,Brian Van Holt,2026-07-06,
999,Brian Whitaker,,
1000,Brian Yuzna,,
1001,Brianna Brown,2026-10-02,
1002,Brianne Brozey,2026-08-25,
1003,Bridget Fonda,2026-01-27,
1004,Bridgette Wilson-Sampras,2026-09-25,
1005,Bridgit Mendler,2026-12-18,
1006,Brighton Sharbino,,
1007,Brigitte Bardot,2026-09-28,
1008,Brigitte Helm,2026-03-17,2026-06-11
1009,Brigitte Nielsen,2026-07-15,
1010,Brion James,2026-02-04,
1011,Brit Morgan,2026-09-24,
1012,Britney Spears,2026-12-02,
1013,Britt Allcroft,2026-12-14,
1014,Britt Ekland,2026-10-06,
1015,Brittany Curran,2026-06-02,
1016,Brittany Daniel,2026-03-17,
1017,Brittney Powell,2026-03-04,
1018,Brock Baker,,
1019,Brock Peters,2026-07-02,2026-08-23
1020,Bronagh Gallagher,,
1021,Bronwen Hughes,,
1022,Brooke Bundy,2026-08-08,
1023,Brooke Newton,2026-06-05,
1024,Brooke Shields,2026-05-31,
1025,Brooke Smith,2026-05-22,
1026,Brooklynn Proulx,2026-04-27,
1027,Bruce Alexander,,
1028,Bruce Altman,2026-07-03,
1029,Bruce Beresford,2026-08-16,
1030,Bruce Boxleitner,2026-05-12,
1031,Bruce Campbell,2026-06-22,
1032,Bruce Davison,2026-06-28,
1033,Bruce Dellis,,
1034,Bruce Dern,2026-06-04,
1035,Bruce Gooch,,
1036,Bruce Goodchild,,
1037,Bruce Green,,
1038,Bruce Greenwood,2026-08-12,
1039,Bruce Hopkins,2026-11-25,
1040,Bruce Hunt,,
1041,Bruce Kerr,,
1042,Bruce Macdonald,2026-05-28,
1043,Bruce Malmuth,2026-02-04,2026-06-29
1044,Bruce McCulloch,2026-05-12,
1045,Bruce McDonald,2026-05-28,
1046,Bruce McGill,2026-07-11,
1047,Bruce Newbold,,
1048,Bruce Paltrow,2026-11-26,2026-10-03
1049,Bruce Payne,2026-11-22,
1050,Bruce Spence,2026-09-17,
1051,Bruce Thomas,,
1052,Bruce Vilanch,2026-11-23,
1053,Bruce Willis,2026-03-19,
1054,Bruno Barreto,2026-03-16,
1055,Bruno Campos,2026-12-03,
1056,Bruno Ganz,2026-03-22,
1057,Bruno Kirby,2026-04-28,2026-08-14
1058,Bryan Barber,,
1059,Bryan Brown,2026-06-23,
1060,Bryan Callen,2026-01-26,
1061,Bryan Dick,2026-08-23,
1062,Bryan Singer,2026-09-17,
1063,Bryce Dallas Howard,2026-03-02,
1064,Bubba Smith,,
1065,Bud Cort,2026-03-29,
1066,Bunta Sugawara,2026-08-16,2026-11-28
1067,Burgess Meredith,2026-11-16,2026-09-09
1068,Burghart Klau?ner,2026-09-13,
1069,Burl Ives,2026-06-14,2026-04-14
1070,Burr Steers,2026-10-08,
1071,Burt Kwouk,2026-07-18,2026-05-24
1072,Burt Ward,2026-07-06,
1073,Burt Young,2026-04-30,
1074,Buster Keaton,1895-10-04,2026-02-01
1075,Busy Philipps,2026-06-25,
1076,Buzz Aldrin,2026-01-20,
1077,Byron Howard,2026-12-26,
1078,Byron Mann,,
1079,C. Fraser Press,,
1080,C. Jay Cox,,
1081,Cabrina Collesides,,
1082,Caitlin FitzGerald,,
1083,Caitlin Stasey,2026-05-01,
1084,Caitlyn Jenner,2026-10-28,
1085,Caity Lotz,2026-12-30,
1086,Cal Brunker,,
1087,Caleb Landry Jones,2026-12-07,
1088,Callie Khouri,2026-11-27,
1089,Callie Thorne,2026-11-20,
1090,Callum Blue,2026-08-19,
1091,Callum Rennie,2026-09-14,
1092,Calvin Lockhart,2026-10-18,2026-03-29
1093,Cam Clarke,2026-11-06,
1094,Cameron Boyce,2026-05-28,
1095,Cameron Bright,2026-01-26,
1096,Cameron Crowe,2026-07-13,
1097,Cameron Mills,,
1098,Cameron Monaghan,2026-08-16,
1099,Cameron Rhodes,2026-08-01,
1100,Camille Delamarre,2026-10-03,
1101,Campbell Scott,2026-07-19,
1102,Camren Bicondova,2026-05-22,
1103,Camryn Manheim,2026-03-08,
1104,Candace Kroslak,2026-07-22,
1105,Candice Bergen,2026-05-09,
1106,Cara Delevingne,2026-08-12,
1107,Cara Horgan,,
1108,Cara Seymour,,
1109,Carel Struycken,2026-07-30,
1110,Cariba Heine,2026-10-01,
1111,Carl Franklin,2026-04-11,
1112,Carl Gilliard,2026-04-18,
1113,Carl Rinsch,,
1114,Carl Theodor Dreyer,1889-02-03,2026-03-20
1115,Carl Weathers,2026-01-14,
1116,Carla Gallo,2026-06-24,
1117,Carlease Burke,,
1118,Carlo Cecchi,2026-01-25,
1119,Carlos Alazraqui,2026-07-20,
1120,Carlos Bardem,2026-03-07,
1121,Carlos Carrera,2026-08-18,
1122,Carlos Gallardo,,
1123,Carlos Lasarte,2026-09-14,
1124,Carlos Ponce,2026-09-04,
1125,Carlos Saldanha,2026-01-24,
1126,Carlos Saura,2026-01-04,
1127,Carly Schroeder,2026-10-18,
1128,Carmen Argenziano,2026-10-27,
1129,Carmen Ejogo,2026-10-22,
1130,Carmen Electra,2026-04-20,
1131,Carmen Marron,,
1132,Carmen Maura,2026-09-15,
1133,Carmen Perez,,
1134,Carmine Giovinazzo,2026-08-24,
1135,Carol Ann Susi,2026-02-02,2026-11-11
1136,Carol Block,,
1137,Carol Channing,2026-01-31,
1138,Carol Kane,2026-06-18,
1139,Carol Reed,2026-12-30,2026-04-25
1140,Carol Sutton,,
1141,Carole Bouquet,2026-08-18,
1142,Caroline Dhavernas,2026-05-15,
1143,Caroline Goodall,2026-11-13,
1144,Caroline Link,2026-06-02,
1145,Caroline Munro,2026-01-16,
1146,Caroll Spinney,2026-12-26,
1147,Carolyn Hennesy,2026-06-10,
1148,Carrie Bradstreet,,
1149,Carrie Henn,2026-05-07,
1150,Carrie Preston,2026-06-21,
1151,Carroll Baker,2026-05-28,
1152,Carroll Ballard,2026-10-14,
1153,Carroll O'Connor,2026-08-02,2026-06-21
1154,Carter Jenkins,2026-09-04,
1155,Carter Smith,2026-09-06,
1156,Cary Bell,,
1157,Cary-Hiroyuki Tagawa,2026-09-27,
1158,Caryn Waechter,,
1159,Cas Anvar,,
1160,Casey Affleck,2026-08-12,
1161,Casey Gooden,,
1162,Casey Kasem,2026-04-27,2026-06-15
1163,Casey Siemaszko,2026-03-17,
1164,Casper Christensen,2026-08-22,
1165,Casper Crump,2026-07-11,
1166,Casper Martinez,,
1167,Cassandra Nicolaou,,
1168,Cassandra Peterson,2026-09-17,
1169,Cassidy Gifford,2026-08-02,
1170,Cassie Ventura,2026-08-26,
1171,Cat Ly,,
1172,Catalina Sandino Moreno,2026-04-19,
1173,Catherine Bell,2026-08-14,
1174,Catherine Deneuve,2026-10-22,
1175,Catherine Dent,2026-04-14,
1176,Catherine Dyer,,
1177,Catherine Gund,,
1178,Catherine Hardwicke,2026-10-21,
1179,Catherine Hicks,2026-08-06,
1180,Catherine Jelski,,
1181,Catherine Lambert,,
1182,Catherine Lough Haggquist,,
1183,Catherine McCormack,2026-04-03,
1184,Catherine O'Hara,2026-03-04,
1185,Catherine Owens,,
1186,Catherine Parks,2026-12-10,
1187,Catherine Schell,2026-07-17,
1188,Catherine Tate,2026-05-12,
1189,Cathryn de Prume,2026-07-04,
1190,Cathy Malkasian,,
1191,Cathy Moriarty,2026-11-29,
1192,Catriona MacColl,2026-10-03,
1193,CCH Pounder,2026-12-25,
1194,Cecelia Antoinette,,
1195,Cecil B. DeMille,1881-08-12,2026-01-21
1196,Cecil Kellaway,1893-08-22,2026-02-28
1197,Cécile De France,2026-07-17,
1198,Cecilia Pillado,,
1199,Cédric Klapisch,2026-09-04,
1200,Cedric Nicolas-Troyan,2026-03-09,
1201,Cedric the Entertainer,2026-04-24,
1202,Celeste Holm,2026-04-29,2026-07-15
1203,Celia Imrie,2026-07-15,
1204,Celia Weston,2026-12-14,
1205,Celina Beach,,
1206,Celina Jade,2026-06-10,
1207,Cem Yilmaz,2026-04-23,
1208,Cesar Romero,2026-02-15,2026-01-01
1209,Chad Allen,2026-06-05,
1210,Chad Bishop,,
1211,Chad Hartigan,2026-08-31,
1212,Chad Kapper,,
1213,Chad L. Coleman,2026-09-06,
1214,Chad Lindberg,2026-11-01,
1215,Chad Lowe,2026-01-15,
1216,Chan-wook Park,2026-08-23,
1217,Chandler Canterbury,2026-12-15,
1218,Channing Tatum,2026-04-26,
1219,Chao-Bin Su,,
1220,Charice,2026-09-05,
1221,Charis Michelsen,2026-12-30,
1222,Charla Cochran,2026-03-28,
1223,Charles Adelman,2026-08-31,
1224,Charles Aidman,2026-01-21,2026-11-07
1225,Charles Aznavour,2026-05-22,
1226,Charles Baker,2026-02-27,
1227,Charles Binamé,,
1228,Charles Chaplin,1889-04-16,2026-12-25
1229,Charles Ferguson,2026-03-24,
1230,Charles Grodin,2026-04-21,
1231,Charles Herman-Wurmfeld,2026-07-05,
1232,Charles Irving Beale,,
1233,Charles Keating,2026-10-22,2026-08-08
1234,Charles King,,
1235,Charles Linton,,
1236,Charles Martin Smith,2026-10-30,
1237,Charles Martinet,,
1238,Charles Matthau,2026-12-10,
1239,Charles Mesure,2026-08-12,
1240,Charles Napier,2026-04-12,2026-10-05
1241,Charles Robert Carner,2026-04-30,
1242,Charles S. Dutton,2026-01-30,
1243,Charles Shyer,2026-10-11,
1244,Charles Stone III,,
1245,Charles T. Kanganis,,
1246,Charlie Bewley,2026-01-25,
1247,Charlie Hunnam,2026-04-10,
1248,Charlie Kaufman,2026-11-19,
1249,Charlie Korsmo,2026-07-20,
1250,Charlie Levi,,
1251,Charlie McDermott,2026-04-06,
1252,Charlie Murphy,,
1253,Charlie Rowe,2026-01-05,
1254,Charlie Saxton,,
1255,Charlie Tahan,,
1256,Charlie Talbert,2026-12-13,
1257,Charlie Yeung,2026-05-23,
1258,Charlize Theron,2026-08-07,
1259,Charlotte B?ving,2026-08-15,
1260,Charlotte Le Bon,2026-09-04,
1261,Charlotte Lewis,2026-08-07,
1262,Charlotte Rae,2026-04-22,
1263,Charlotte Rampling,2026-02-05,
1264,Charlotte Stewart,2026-02-27,
1265,Charlotte Sullivan,2026-10-21,
1266,Charly Bivona,,
1267,Charlyne Yi,2026-01-04,
1268,Chase Armitage,2026-08-02,
1269,Chase Ellison,2026-09-22,
1270,Chase Masterson,2026-02-26,
1271,Chasty Ballesteros,,
1272,Chatchai Plengpanich,,
1273,Chatrichalerm Yukol,2026-11-29,
1274,Chazz Palminteri,2026-05-15,
1275,Cheech Marin,2026-07-13,
1276,Chelan Simmons,2026-10-29,
1277,Chelcie Ross,2026-10-26,
1278,Chelse Swain,2026-05-25,
1279,Chelsea Bond,,
1280,Chelsea Field,2026-05-27,
1281,Chelsea Handler,2026-02-25,
1282,Chelsey Reist,,
1283,Chemeeka Walker,,
1284,Chen Chang,2026-10-14,
1285,Chenoa Maxwell,2026-11-16,
1286,Cherami Leigh,2026-07-19,
1287,Cheri Oteri,2026-09-19,
1288,Cherry Jones,2026-11-21,
1289,Cheryl Dunye,2026-05-13,
1290,Cheryl Hines,2026-09-21,
1291,Cheryl Ladd,2026-07-12,
1292,Cheryl Penland,,
1293,Cheryl Tiegs,2026-09-25,
1294,Chester,2026-01-20,
1295,Cheyenne Jackson,2026-07-12,
1296,Chi Chung Lam,2026-08-16,
1297,Chi Ling Chiu,,
1298,Chi McBride,2026-09-23,
1299,Chi Muoi Lo,,
1300,Chia-Liang Liu,2026-08-01,2026-06-25
1301,Chiaki Kuriyama,2026-10-10,
1302,Chiara Caselli,2026-12-22,
1303,Chin-Chien Chang,,
1304,China Chow,2026-04-15,
1305,Ching Wan Lau,2026-02-16,
1306,Chita Rivera,2026-01-23,
1307,Chloe Bridges,2026-12-27,
1308,Chlo? Grace Moretz,2026-02-10,
1309,Chloe Hollings,,
1310,Chloe Rose,2026-10-25,
1311,Chris 'Wonder' Schoeck,,
1312,Chris Andrew Ciulla,2026-07-28,
1313,Chris Atkins,,
1314,Chris Barrie,2026-03-28,
1315,Chris Bauer,2026-10-28,
1316,Chris Brochu,,
1317,Chris Brown,2026-05-05,
1318,Chris Buck,,
1319,Chris Butler,,
1320,Chris Carter,2026-10-13,
1321,Chris Cleveland,,
1322,Chris Columbus,2026-09-10,
1323,Chris Cox,,
1324,Chris D'Arienzo,2026-04-14,
1325,Chris Eigeman,2026-03-01,
1326,Chris Elliott,2026-05-31,
1327,Chris Ellis,2026-04-14,
1328,Chris Evans,2026-06-13,
1329,Chris Eyre,,
1330,Chris Gauthier,2026-01-27,
1331,Chris Geere,2026-03-18,
1332,Chris Gorak,,
1333,Chris Harrison,2026-07-26,
1334,Chris Hemsworth,2026-08-11,
1335,Chris Kattan,2026-10-19,
1336,Chris Kentis,2026-10-23,
1337,Chris Klein,2026-03-14,
1338,Chris Koch,,
1339,Chris Lowell,2026-10-17,
1340,Chris Marker,2026-07-29,2026-07-29
1341,Chris Marquette,2026-10-03,
1342,Chris Miller,2026-09-23,
1343,Chris Moss,,
1344,Chris Mulkey,2026-05-03,
1345,Chris Nahon,2026-12-05,
1346,Chris New,2026-02-17,
1347,Chris Noonan,2026-11-14,
1348,Chris Noth,2026-11-13,
1349,Chris Owen,2026-09-07,
1350,Chris Paine,2026-08-26,
1351,Chris Parnell,2026-02-05,
1352,Chris Penn,2026-10-10,2026-01-24
1353,Chris Pontius,2026-07-16,
1354,Chris Roberts,,
1355,Chris Robinson,2026-11-05,
1356,Chris Rock,2026-02-07,
1357,Chris Shadley,2026-07-21,
1358,Chris Stokes,,
1359,Chris Thomas,,
1360,Chris Wedge,2026-03-20,
1361,Chris Weitz,2026-11-30,
1362,Chris Young,2026-04-28,
1363,Chris Zylka,2026-05-09,
1364,Chriss Anglin,,
1365,Christa B. Allen,2026-11-11,
1366,Christa Miller,2026-05-28,
1367,Christel Khalil,2026-11-30,
1368,Christian Alvarez,2026-07-25,
1369,Christian Alvart,2026-05-28,
1370,Christian Anderson,2026-12-26,2026-12-01
1371,Christian Bale,2026-01-30,
1372,Christian Berkel,2026-10-28,
1373,Christian Camargo,2026-07-07,
1374,Christian Campbell,2026-05-12,
1375,Christian Carion,2026-01-04,
1376,Christian Clavier,2026-05-06,
1377,Christian Clemenson,2026-03-17,
1378,Christian Ditter,,
1379,Christian Duguay,,
1380,Christian E. Christiansen,2026-12-14,
1381,Christian Kapper,,
1382,Christian Keyes,,
1383,Christian Monzon,,
1384,Christian Sesma,,
1385,Christian Stolte,2026-10-16,
1386,Christian Volckman,,
1387,Christiana Leucas,,
1388,Christie Burke,,
1389,Christina Chambers,2026-10-24,
1390,Christina Cox,2026-07-31,
1391,Christina Hart,2026-07-21,
1392,Christina Milian,2026-09-26,
1393,Christina Moore,,
1394,Christina Vidal,2026-11-18,
1395,Christine Cavanaugh,2026-08-16,2026-12-22
1396,Christine Jeffs,2026-01-29,
1397,Christine Lakin,2026-01-25,
1398,Christine Taylor,2026-07-30,
1399,Christo Jivkov,2026-02-18,
1400,Christoph Waltz,2026-10-04,
1401,Christophe Ali,,
1402,Christophe Barratier,2026-06-17,
1403,Christophe Cherki,,
1404,Christophe Gans,2026-03-11,
1405,Christopher Abbott,,
1406,Christopher Atkins,2026-02-21,
1407,Christopher B. Duncan,,
1408,Christopher Barnard,,
1409,Christopher Berry,,
1410,Christopher Cain,2026-10-29,
1411,Christopher Cousins,2026-09-27,
1412,Christopher Denham,,
1413,Christopher Erskin,,
1414,Christopher Evan Welch,2026-09-28,2026-12-02
1415,Christopher Guest,2026-02-05,
1416,Christopher Heyerdahl,2026-09-18,
1417,Christopher Hutson,,
1418,Christopher James Baker,,
1419,Christopher Judge,2026-10-13,
1420,Christopher Lambert,2026-03-29,
1421,Christopher Landon,2026-02-27,
1422,Christopher Lee,2026-05-27,2026-06-07
1423,Christopher Leitch,,
1424,Christopher M. Bessette,,
1425,Christopher Masterson,2026-01-22,
1426,Christopher McQuarrie,,
1427,Christopher Meloni,2026-04-02,
1428,Christopher Morris,2026-09-05,
1429,Christopher Nicholas Smith,,
1430,Christopher Nolan,2026-07-30,
1431,Christopher Rich,2026-09-16,
1432,Christopher Robin Miller,2026-05-29,
1433,Christopher Schmidt,,
1434,Christopher Scott Cherot,,
1435,Christopher Simpson,2026-07-09,
1436,Christopher Smith,2026-07-17,
1437,Christopher Sommers,,
1438,Christopher Spencer,,
1439,Christopher Toler,2026-11-11,
1440,Christopher Webster,,
1441,Chrystale Wilson,,
1442,Chrystee Pharris,2026-03-07,
1443,Chuan Lu,2026-02-08,
1444,Chuck Bowman,2026-06-02,
1445,Chuck Mitchell,2026-11-28,2026-06-22
1446,Chuck Russell,2026-05-09,
1447,Chuck Sheetz,2026-12-31,
1448,Chuck Zito,2026-03-01,
1449,Chulpan Khamatova,2026-10-01,
1450,Ciarán Foy,,
1451,Cicely Tyson,2026-12-18,
1452,Cinda McCain,,
1453,Cindy Robinson,2026-04-06,
1454,Cindy Williams,2026-08-22,
1455,CindyMarie Small,,
1456,Circus-Szalewski,,
1457,CJ Adams,,
1458,Cjon Saulsberry,,
1459,Claire Adams,,
1460,Claire Bloom,2026-02-15,
1461,Claire Foy,2026-04-16,
1462,Claire Geare,,
1463,Claire Gordon-Harper,,
1464,Clare Higgins,2026-11-10,
1465,Clare Kilner,,
1466,Clare Kramer,2026-09-03,
1467,Clarence Williams III,2026-08-21,
1468,Clark Baker,,
1469,Clark Gregg,2026-04-02,
1470,Clark Johnson,2026-09-10,
1471,Clarke Peters,2026-04-07,
1472,Claude Akins,2026-05-25,2026-01-27
1473,Claude Chabrol,2026-06-24,2026-09-12
1474,Claude Miller,2026-02-20,2026-04-04
1475,Claude Rains,1889-11-10,2026-05-30
1476,Claude-Oliver Rudolph,2026-11-30,
1477,Claudette Colbert,2026-09-13,2026-07-30
1478,Claudette Lalí,2026-08-01,
1479,Claudia Cardinale,2026-04-15,
1480,Claudia Christian,2026-08-10,
1481,Claudia Ferri,,
1482,Claudia Lapacó,2026-06-25,
1483,Claudia Llosa,2026-11-15,
1484,Claudia Sainte-Luce,,
1485,Claudia Stedelin,,
1486,Claudiu Trandafir,2026-09-15,
1487,Clay Kaytis,,
1488,Clayne Crawford,2026-04-20,
1489,Clayton Rohner,2026-08-05,
1490,Clayton Snyder,2026-09-09,
1491,Clé Bennett,2026-03-18,
1492,Clea DuVall,2026-09-25,
1493,Cleavon Little,2026-06-01,2026-10-22
1494,Clemens Schick,2026-02-15,
1495,Cliff Edwards,1895-06-14,2026-07-17
1496,Cliff Robertson,2026-09-09,2026-09-10
1497,Clifton Collins Jr.,2026-06-16,
1498,Clifton James,2026-01-13,
1499,Clifton Powell,2026-03-16,
1500,Clint Eastwood,2026-05-31,
1501,Clint Howard,2026-04-20,
1502,Clint Jordan,,
1503,Clint Jung,,
1504,Clint Mansell,2026-01-07,
1505,Clive Barker,2026-10-05,
1506,Clive Revill,2026-04-18,
1507,Clive Russell,2026-12-07,
1508,Clive Standen,2026-07-22,
1509,Clive Swift,2026-02-09,
1510,Clotilde Mollet,,
1511,Clovis Fouin,,
1512,Clu Gulager,2026-11-16,
1513,Clyde Kusatsu,2026-09-13,
1514,Cody Cameron,2026-10-12,
1515,Cody Howard,,
1516,Cody Linley,2026-11-20,
1517,Cole Hauser,2026-03-22,
1518,Colette Divine,,
1519,Colin Andrews,2026-09-10,
1520,Colin Farrell,2026-05-31,
1521,Colin Ferguson,2026-07-22,
1522,Colin Firth,2026-09-10,
1523,Colin Higgins,2026-07-28,2026-08-05
1524,Colin Minihan,,
1525,Colin O'Donoghue,2026-01-26,
1526,Colin Salmon,2026-12-06,
1527,Colin Stinton,2026-03-10,
1528,Colin Strause,2026-11-08,
1529,Colin Trevorrow,2026-09-13,
1530,Colleen Dewhurst,2026-06-03,2026-08-22
1531,Colleen Haskell,2026-12-06,
1532,Colleen O'Shaughnessey,2026-09-15,
1533,Collette Wolfe,2026-04-04,
1534,Collin Alfredo St. Dic,,
1535,Collin Chou,2026-08-11,
1536,Collin Joseph Neal,2026-07-05,
1537,Collin Kahey,2026-04-11,
1538,Collin Schiffli,,
1539,Collins Pennie,2026-06-20,
1540,Colm Feore,2026-08-22,
1541,Common,2026-03-13,
1542,Conchata Ferrell,2026-03-28,
1543,Conleth Hill,2026-11-24,
1544,Connie Nielsen,2026-07-03,
1545,Connie Ray,2026-07-10,
1546,Connor Corum,,
1547,Connor Paolo,2026-07-11,
1548,Conor McMahon,,
1549,Conor McPherson,2026-08-06,
1550,Conrad Coates,,
1551,Conrad Dunn,,
1552,Conrad Goode,2026-01-09,
1553,Conrad Kemp,,
1554,Conrad Veidt,1893-01-22,2026-04-03
1555,Conrad Vernon,2026-07-11,
1556,Constance Marie,2026-09-09,
1557,Constance Shulman,2026-04-04,
1558,Constance Wu,2026-03-22,
1559,Consuelo Gómez,,
1560,Corbin Allred,2026-05-25,
1561,Corbin Bernsen,2026-09-07,
1562,Corbin Bleu,2026-02-21,
1563,Corey Grant,,
1564,Corey Johnson,2026-05-17,
1565,Corey Sevier,2026-07-03,
1566,Corey Yuen,,
1567,Corinna Harney,2026-02-20,
1568,Corlandos Scott,,
1569,Cornel Wilde,2026-10-13,2026-10-16
1570,Cory Edwards,,
1571,Cory Hardrict,2026-11-09,
1572,Costa-Gavras,2026-02-12,
1573,Costas Mandylor,2026-09-03,
1574,Countess Vaughn,2026-08-08,
1575,Courtney B. Vance,2026-03-12,
1576,Courtney Bell,2026-06-04,
1577,Courtney Gains,2026-08-22,
1578,Courtney Hunt,,
1579,Courtney Love,2026-07-09,
1580,Courtney Solomon,2026-09-01,
1581,Coyote Shivers,2026-09-24,
1582,Craig Bierko,2026-08-18,
1583,Craig Bolotin,2026-05-23,
1584,Craig Brewer,2026-12-06,
1585,Craig Conway,,
1586,Craig Dougherty,,
1587,Craig Fairbrass,,
1588,Craig Ferguson,2026-05-17,
1589,Craig Gillespie,2026-09-01,
1590,Craig Hall,,
1591,Craig Johnson,2026-12-17,
1592,Craig Mazin,2026-04-08,
1593,Craig Moss,,
1594,Craig Parker,2026-11-12,
1595,Craig R. Baxley,2026-10-20,
1596,Craig Roberts,2026-01-21,
1597,Craig Sheffer,2026-04-23,
1598,Craig Stark,,
1599,Craig T. Nelson,2026-04-04,
1600,Craig Zobel,,
1601,Cree Kelly,,
1602,Cree Summer,2026-07-07,
1603,Cristián de la Fuente,2026-03-10,
1604,Cristian Mungiu,2026-04-27,
1605,Crystal Lowe,2026-01-20,
1606,Crystal R. Fox,,
1607,Cullen Douglas,2026-11-06,
1608,Currie Graham,2026-02-26,
1609,Curt Doussett,,
1610,Curtis Armstrong,2026-11-27,
1611,Curtis Hanson,2026-03-24,2026-09-20
1612,Curtiss Cook,,
1613,Cybill Shepherd,2026-02-18,
1614,Cyd Charisse,2026-03-08,2026-06-17
1615,Cyndi Lauper,2026-06-22,
1616,Cynthia Barrett,,
1617,Cynthia Geary,2026-03-21,
1618,Cynthia Myers,,
1619,Cynthia Nixon,2026-04-09,
1620,Cynthia Rhodes,2026-11-21,
1621,Cynthia Stevenson,2026-08-02,
1622,Cynthia Watros,2026-09-02,
1623,Cyril Raffaelli,2026-04-01,
1624,Cyrus Nowrasteh,2026-09-19,
1625,D. David Morin,2026-04-20,
1626,D. Stevens,2026-10-10,
1627,D.B. Sweeney,2026-11-14,
1628,D.B. Woodside,2026-07-25,
1629,D.J. Caruso,2026-01-17,
1630,D.W. Griffith,1875-01-22,2026-07-23
1631,Dabney Coleman,2026-01-03,
1632,Dagmara Dominczyk,2026-07-17,
1633,Dagur Kári,2026-12-12,
1634,Dahong Ni,,
1635,Daisy Betts,,
1636,Daisy Ridley,2026-04-10,
1637,Daisy von Scherler Mayer,2026-09-14,
1638,Dal-su Oh,2026-06-15,
1639,Dalia Hernández,2026-08-14,
1640,Dalip Singh,2026-08-27,
1641,Dallas Barnett,2月29日,
1642,Dallas Roberts,2026-05-10,
1643,Dameon Clarke,2026-01-16,
1644,Damián Alcázar,2026-01-08,
1645,Damián Delgado,,
1646,Damian Jewan Lee,,
1647,Damian Lewis,2026-02-11,
1648,Damian Nieman,,
1649,Damian Walshe-Howling,2026-01-22,
1650,Damien Chazelle,2026-01-19,
1651,Damien Dante Wayans,2026-04-15,
1652,Damien Garvey,,
1653,Damien O'Donnell,,
1654,Damir Catic,,
1655,Damon Albarn,2026-03-23,
1656,Damon Owlia,,
1657,Damon Santostefano,,
1658,Damon Wayans,2026-09-04,
1659,Damon Wayans Jr.,2026-11-18,
1660,Dan Bakkedahl,2026-11-18,
1661,Dan Bilzerian,,
1662,Dan Byrd,2026-11-20,
1663,Dan Curtis,2026-08-12,2026-03-27
1664,Dan Cutforth,2026-04-24,
1665,Dan Fogelman,,
1666,Dan Fogler,2026-10-20,
1667,Dan Futterman,2026-06-08,
1668,Dan Gilroy,2026-06-24,
1669,Dan Harris,2026-07-26,
1670,Dan Hedaya,2026-07-24,
1671,Dan Hicks,,
1672,Dan Ireland,2026-05-11,2026-04-14
1673,Dan Mazer,,
1674,Dan Novy,,
1675,Dan O'Bannon,2026-09-30,2026-12-17
1676,Dan O'Herlihy,2026-05-01,2026-02-17
1677,Dan Perri,,
1678,Dan Reed,,
1679,Dan Rush,,
1680,Dan Scanlon,,
1681,Dan Trachtenberg,,
1682,Dan Zukovic,,
1683,Dana Andrews,2026-01-01,2026-12-17
1684,Dana Blackstone,,
1685,Dana Delany,2026-03-13,
1686,Dana Hanna,,
1687,Dana Ivey,2026-08-12,
1688,Dana Kimmell,2026-10-26,
1689,Dane Cook,2026-03-18,
1690,Dania Ramirez,,
1691,Daniel Algrant,2026-09-25,
1692,Daniel Auteuil,2026-01-24,
1693,Daniel Baldwin,2026-10-05,
1694,Daniel Barber,,
1695,Daniel Barnz,,
1696,Daniel Bernhardt,2026-08-31,
1697,Daniel Columbie,,
1698,Daniel Cudmore,2026-01-20,
1699,Daniel Davila,,
1700,Daniel Espinosa,2026-03-23,
1701,Daniel Franzese,2026-05-09,
1702,Daniel Giménez Cacho,2026-05-15,
1703,Daniel Henney,2026-11-28,
1704,Daniel Hsia,,
1705,Daniel Kaluuya,,
1706,Daniel Kash,2026-04-25,
1707,Daniel Lapaine,,
1708,Daniel Lee,,
1709,Daniel London,,
1710,Daniel Mays,2026-01-16,
1711,Daniel Mellitz,2026-01-23,
1712,Daniel Myrick,2026-09-03,
1713,Daniel Petrie Jr.,2026-11-26,2026-08-22
1714,Daniel Radcliffe,2026-07-23,
1715,Daniel Rindress-Kay,2026-07-19,
1716,Daniel Roebuck,2026-03-04,
1717,Daniel Sackheim,,
1718,Daniel Schechter,,
1719,Daniel Sharman,2026-04-25,
1720,Daniel Stamm,2026-04-20,
1721,Daniel Stern,2026-08-28,
1722,Daniel Stewart Sherman,2026-08-16,
1723,Daniel Taplitz,,
1724,Daniel Tay,2026-02-11,
1725,Daniel Travis,2026-03-10,
1726,Daniel von Bargen,2026-06-05,2026-03-01
1727,Daniel Wu,2026-09-30,
1728,Daniel Zettel,,
1729,Daniela Bianchi,2026-01-31,
1730,Daniele Luchetti,2026-07-26,
1731,Daniella Alonso,2026-09-22,
1732,Daniella Pineda,2026-02-20,
1733,Danielle Darrieux,2026-05-01,
1734,Danielle Kotch,,
1735,Danielle Savre,2026-08-26,
1736,Danielle von Zerneck,2026-12-21,
1737,Dann Florek,2026-05-01,
1738,Danneel Ackles,2026-03-18,
1739,Danny Aiello,2026-01-27,2026-05-01
1740,Danny Arroyo,2026-01-29,
1741,Danny Boyle,2026-10-20,
1742,Danny Cannon,,
1743,Danny DeVito,2026-11-17,
1744,Danny Dyer,2026-07-24,
1745,Danny Huston,2026-05-14,
1746,Danny Leiner,,
1747,Danny Masterson,2026-03-13,
1748,Danny Nucci,2026-09-15,
1749,Danny Pang,,
1750,Danny Perez,,
1751,Danny Pino,2026-04-15,
1752,Danny Provenzano,,
1753,Danny Rhodes,,
1754,Danny Sapani,2026-11-15,
1755,Danny Steinmann,2026-01-07,2026-12-18
1756,Danny Strong,2026-06-06,
1757,Danny Webb,,
1758,Danny Woodburn,2026-07-26,
1759,Dante Brown,,
1760,Dany Boon,2026-06-26,
1761,Dany Verissimo-Petit,2026-06-27,
1762,Daoming Chen,2026-04-26,
1763,Daphne Zuniga,2026-10-28,
1764,Darci Kistler,,
1765,Darcy Donavan,2026-11-20,
1766,Daren Kagasoff,2026-09-16,
1767,Darin Scott,,
1768,Dario Argento,2026-09-07,
1769,Dario Nozic Serini,,
1770,Darlene Love,2026-07-26,
1771,Darnell Martin,2026-01-07,
1772,Darrell Roodt,2026-04-28,
1773,Darren Aronofsky,2026-02-12,
1774,Darren Boyd,2026-01-30,
1775,Darren E. Burrows,2026-09-12,
1776,Darren Grant,,
1777,Darren Healy,,
1778,Darren Keefe Reiher,2026-07-04,
1779,Darren Kendrick,,
1780,Darren Lynn Bousman,2026-01-11,
1781,Darren McGavin,2026-05-07,2026-02-25
1782,Darren Shahlavi,2026-08-05,2026-01-14
1783,Darren Stein,2026-12-24,
1784,Darryl Cox,2026-04-08,
1785,Darryl Hunt,,
1786,Darryl Stephens,2026-03-07,
1787,Darshan Jariwala,2026-09-29,
1788,Darwin Shaw,,
1789,Daryl Hannah,2026-12-03,
1790,Daryl Sabara,2026-06-14,
1791,Daryl Wein,2026-12-23,
1792,Daryn Tufts,2026-04-01,
1793,Dash Mihok,2026-05-24,
1794,Daston Kalili,,
1795,Dato Bakhtadze,2026-05-20,
1796,Dave Allen,2026-10-22,2026-08-16
1797,Dave Annable,2026-09-15,
1798,Dave Borthwick,2026-07-26,2026-10-27
1799,Dave Carroll,,
1800,Dave Chappelle,2026-08-24,
1801,Dave Fennoy,2026-01-20,
1802,Dave Foley,2026-01-04,
1803,Dave Green,,
1804,Dave Legeno,2026-10-12,2026-07-06
1805,Dave McKean,2026-12-29,
1806,Dave Meyers,,
1807,Dave Payne,,
1808,Dave Rodriguez,2026-08-18,
1809,Dave Sheridan,,
1810,David A Cole,,
1811,David A.R. White,2026-05-12,
1812,David Adam Flannery,,
1813,David Agranov,,
1814,David Alan Basche,2026-08-25,
1815,David Alan Grier,2026-06-30,
1816,David Alpay,,
1817,David Anspaugh,2026-09-24,
1818,David Arquette,2026-09-08,
1819,David Atkins,,
1820,David Ayer,2026-01-18,
1821,David Backus,,
1822,David Bailie,,
1823,David Barnes,,
1824,David Belle,2026-04-29,
1825,David Bianchi,,
1826,David Bowers,,
1827,David Boyd,,
1828,David Caffrey,,
1829,David Calder,2026-08-01,
1830,David Carradine,2026-12-08,2026-06-03
1831,David Carson,,
1832,David Chandler,2026-05-24,2026-03-13
1833,David Clennon,2026-05-10,
1834,David Conrad,2026-08-17,
1835,David Costabile,,
1836,David Cronenberg,2026-03-15,
1837,David Cross,2026-04-04,
1838,David Dastmalchian,2026-07-21,
1839,David DeCoteau,2026-01-05,
1840,David Della Rocco,2026-05-04,
1841,David DeLuise,2026-11-11,
1842,David Dencik,2026-10-31,
1843,David Denman,2026-07-25,
1844,David Dobkin,2026-06-23,
1845,David Douglas,,
1846,David Duchovny,2026-08-07,
1847,David E. Talbert,,
1848,David Eigenberg,2026-05-17,
1849,David F. Sandberg,,
1850,David Fincher,2026-08-28,
1851,David Fine,,
1852,David Frankel,2026-04-02,
1853,David Frederick White,2026-05-25,
1854,David G. Evans,,
1855,David Gallagher,2026-02-09,
1856,David Gant,,
1857,David Gelb,2026-10-16,
1858,David Gordon Green,2026-04-09,
1859,David Gulpilil,2026-07-01,
1860,David Hackl,,
1861,David Harbour,2026-04-10,
1862,David Hayter,2026-02-06,
1863,David Hemmings,2026-11-18,2026-12-03
1864,David Herman,2026-02-20,
1865,David Hewlett,2026-04-18,
1866,David Heyman,2026-07-26,
1867,David Hoffman,,
1868,David Huddleston,2026-09-17,2026-08-02
1869,David Hunt,2026-02-16,
1870,David Hyde Pierce,2026-04-03,
1871,David Jacobson,,
1872,David Jason,2026-02-02,
1873,David Jason Perez,,
1874,David Julian Hirsh,2026-10-26,
1875,David Keith,2026-01-20,
1876,David Kellogg,,
1877,David Kelly,,
1878,David Kennedy,,
1879,David Koepp,2026-06-09,
1880,David Kross,2026-04-04,
1881,David LaChapelle,2026-03-11,
1882,David Lam,,
1883,David Lean,2026-03-25,2026-04-16
1884,David Lee Smith,2026-09-08,
1885,David Leland,2026-04-20,
1886,David Lewis,2026-10-19,2026-12-11
1887,David Lowery,,
1888,David Lynch,2026-01-20,
1889,David Lyons,2026-04-16,
1890,David M. Matthews,,
1891,David Mamet,2026-11-30,
1892,David Mann,,
1893,David Margulies,2026-02-19,2026-01-11
1894,David Masterson,2026-02-16,
1895,David McNally,,
1896,David Mersault,2026-08-19,
1897,David Mirkin,2026-09-18,
1898,David Moreau,,
1899,David Moscow,2026-11-14,
1900,David Murray,,
1901,David Niven,2026-03-01,2026-07-29
1902,David Nixon,2026-12-29,2026-12-01
1903,David Nutter,,
1904,David O. Russell,2026-08-20,
1905,David O'Hara,2026-07-09,
1906,David Oakes,2026-10-14,
1907,David Oelhoffen,,
1908,David Ogden Stiers,2026-10-31,
1909,David Opatoshu,2026-01-30,2026-04-30
1910,David Oyelowo,2026-04-01,
1911,David Palmer,,
1912,David Pastor,2026-07-25,
1913,David Patrick Kelly,2026-01-23,
1914,David Paymer,2026-08-30,
1915,David Proval,2026-05-20,
1916,David R. Ellis,2026-09-08,2026-01-07
1917,David Raizor,,
1918,David Ramsey,2026-11-17,
1919,David Rasche,2026-08-07,
1920,David Ray,2026-02-24,
1921,David Raynr,2026-03-17,
1922,David Richmond-Peck,,
1923,David Robert Mitchell,,
1924,David S. Goyer,2026-12-22,
1925,David S. Ward,2026-12-19,2026-02-22
1926,David Schaal,2026-05-27,
1927,David Schneider,,
1928,David Schwimmer,2026-11-02,
1929,David Silverman,2026-03-15,
1930,David Sington,,
1931,David Slade,2026-07-22,
1932,David Soren,,
1933,David Sparrow,2026-03-04,
1934,David Suchet,2026-05-02,
1935,David Sullivan,2026-02-04,
1936,David Thewlis,2026-03-20,
1937,David Thornton,2026-06-12,
1938,David Threlfall,2026-10-12,
1939,David Twohy,2026-10-18,
1940,David Wain,2026-08-01,
1941,David Walliams,2026-08-20,
1942,David Walton,2026-10-27,
1943,David Warbeck,2026-11-17,2026-07-23
1944,David Wayne,2026-07-22,
1945,David Webb Peoples,,
1946,David White,,
1947,David Winning,2026-05-08,
1948,David Winters,2026-04-05,
1949,David Worth,,
1950,David Yates,2026-10-08,
1951,David Zayas,2026-08-15,
1952,David Zucker,,
1953,Davis Guggenheim,2026-11-03,
1954,Dawn French,2026-10-11,
1955,Dax Flame,,
1956,Dayna Devon,2026-03-20,
1957,Dayo Okeniyi,,
1958,Dean Andrews,2026-08-06,
1959,Dean Dawson,,
1960,Dean DeBlois,2026-06-07,
1961,Dean Israelite,2026-09-20,
1962,Dean Jones,,
1963,Dean Parisot,,
1964,Dean Stockwell,2026-03-05,
1965,Dean Wright,,
1966,Deb Hagan,,
1967,Debbie Harry,2026-07-01,
1968,Debbie Reynolds,2026-04-01,2026-12-28
1969,Debi Derryberry,2026-09-27,
1970,Debi Mazar,2026-08-13,
1971,Deborah Anderson,,
1972,Deborah Foreman,2026-10-12,
1973,Deborah Kara Unger,2026-05-12,
1974,Deborah Kerr,2026-09-30,2026-10-16
1975,Deborah Mailman,2026-07-14,
1976,Déborah Révy,,
1977,Deborah Twiss,2026-12-22,
1978,Deborra-Lee Furness,2026-12-08,
1979,Debra Granik,2026-02-06,
1980,Debra Lynn Hull,,
1981,Debra Messing,2026-08-15,
1982,Debra Monk,2026-02-27,
1983,Debra Paget,2026-08-19,
1984,Debra Winger,2026-05-16,
1985,Debrah Farentino,2026-09-30,
1986,Debrianna Mansini,,
1987,Dee Bradley Baker,2026-08-31,
1988,Dee Wallace,2026-12-14,
1989,Deems Taylor,1885-12-22,2026-07-03
1990,Deepa Mehta,2026-01-01,
1991,DeForest Kelley,2026-01-20,2026-06-11
1992,Deirdre Lorenz,,
1993,Del Zamora,,
1994,Dell Yount,,
1995,Della Reese,2026-07-06,
1996,Delphine Chanéac,2026-11-14,
1997,Delroy Lindo,2026-11-18,
1998,Demetri Martin,2026-05-25,
1999,Demetrius Grosse,2026-02-26,
2000,Demi Moore,2026-11-11,
2001,Demián Bichir,2026-08-01,
2002,Demian Lichtenstein,,
2003,Dena Seidel,,
2004,Denden,2026-01-23,
2005,Dendrie Taylor,,
2006,Deneen Tyler,,
2007,Denholm Elliott,2026-05-31,2026-10-06
2008,Denis Lavant,2026-06-17,
2009,Denis Leary,2026-08-18,
2010,Denis O'Hare,2026-01-17,
2011,Denis Villeneuve,2026-10-03,
2012,Denise Boutte,2026-01-19,
2013,Denise Crosby,2026-11-24,
2014,Dennie Gordon,2026-05-09,
2015,Dennis Burkley,2026-09-10,2026-07-14
2016,Dennis Dugan,2026-09-05,
2017,Dennis Franz,2026-10-28,
2018,Dennis Gansel,2026-10-04,
2019,Dennis Hopper,2026-05-17,2026-05-29
2020,Dennis Iliadis,,
2021,Dennis L.A. White,,
2022,Dennis Quaid,2026-04-09,
2023,Denny Kirkwood,2026-03-20,
2024,Denys Arcand,2026-06-25,
2025,Denzel Washington,2026-12-28,
2026,Deon Richmond,2026-04-02,
2027,Deon Taylor,,
2028,Dequina Moore,,
2029,DeRay Davis,,
2030,Derek Brandon,,
2031,Derek Cianfrance,2026-01-23,
2032,Derek Graf,,
2033,Derek Jacobi,2026-10-22,
2034,Derek Jeter,2026-05-27,2026-09-14
2035,Derek Luke,2026-04-24,
2036,Derek Magyar,,
2037,Derek Mears,2026-04-29,
2038,Derek Wayne Johnson,2026-02-23,
2039,Derick Martini,2026-12-02,
2040,Dermot Crowley,2026-03-19,
2041,Derrick Borte,2026-12-07,
2042,Deryck Broom,,
2043,Des McAnuff,2026-06-19,
2044,Desmond Askew,2026-12-17,
2045,Desmond Llewelyn,2026-09-12,2026-12-19
2046,DeVaughn Nixon,,
2047,Devid Striesow,2026-10-01,
2048,Devin Ratray,2026-01-11,
2049,Devon Murray,2026-10-28,
2050,DeWayne Warren,,
2051,Dewey Nicks,2026-04-22,
2052,Dexter Fletcher,2026-01-31,
2053,Diahann Carroll,2026-07-17,
2054,Dian Bachar,2026-10-26,
2055,Diana Maria Riva,2026-07-22,
2056,Diana Ross,2026-03-26,
2057,Diana Scarwid,2026-08-27,
2058,Diana Vickers,2026-07-30,
2059,Diane Baker,2026-02-25,
2060,Diane English,,
2061,Diane Keaton,2026-01-05,
2062,Diane Ladd,2026-11-29,
2063,Diane Sorrentino,,
2064,Diane Venora,2026-08-10,
2065,Dianne Wiest,2026-03-28,
2066,Dichen Lachman,2026-02-22,
2067,Dick Cavett,2026-11-19,
2068,Dick Cheney,2026-05-06,2026-01-02
2069,Dick Clark,2026-11-30,2026-04-18
2070,Dick Powell,2026-11-14,2026-01-02
2071,Dick Richards,2026-08-10,2026-03-17
2072,Dick Van Patten,2026-12-09,2026-06-23
2073,Dickie Jones,2026-02-25,2026-07-07
2074,Diedrich Bader,2026-12-24,
2075,Diego Ramos,2026-11-29,
2076,Diego Velazquez,,
2077,Diganth,,
2078,Dileep Raj,,
2079,Diljit Dosanjh,,
2080,Dillon Casey,2026-10-29,
2081,Dilshad Vadsaria,2026-09-14,
2082,Dimple Kapadia,2026-06-08,
2083,Dinah Manoff,2026-01-25,
2084,Dinesh D'Souza,2026-04-25,
2085,Diora Baird,2026-04-06,
2086,Dirk Bogarde,2026-03-28,2026-05-08
2087,Dito Montiel,2026-07-26,
2088,Divine,2026-10-19,2026-03-07
2089,DJ Pooh,,
2090,Djimon Hounsou,2026-04-24,
2091,DMX,,
2092,Dolly Parton,2026-01-19,
2093,Dom DeLuise,2026-08-01,2026-05-04
2094,Domenick Lombardozzi,2026-03-25,
2095,Dominic Burns,,
2096,Dominic Colón,,
2097,Dominic Cooper,2026-06-02,
2098,Dominic Flores,,
2099,Dominic Monaghan,2026-12-08,
2100,Dominic Sena,2026-04-26,
2101,Dominick Brascia,,
2102,Dominik Castell,2026-07-20,
2103,Dominik García-Lorido,2026-08-16,
2104,Dominique McElligott,2026-05-03,
2105,Dominique Othenin-Girard,2026-02-13,
2106,Dominique Sanda,2026-03-11,
2107,Don Ameche,2026-05-31,2026-12-06
2108,Don Bluth,2026-09-13,
2109,Don Brooks,,2026-10-25
2110,Don Cheadle,2026-11-29,
2111,Don Coscarelli,2026-02-17,
2112,Don Francks,2026-02-28,2026-04-03
2113,Don Gordon,2026-09-29,2026-02-28
2114,Don Hall,,
2115,Don Johnson,2026-12-15,
2116,Don Kempf,,
2117,Don Mancini,2026-01-25,
2118,Don McKellar,2026-08-17,
2119,Don McManus,2026-11-08,
2120,Don Michael Paul,2026-04-17,
2121,Don Pardo,2026-12-17,
2122,Don Rickles,2026-05-08,
2123,Don Scardino,2026-02-17,
2124,Don Siegel,2026-10-26,2026-04-20
2125,Don Stark,2026-07-05,
2126,Don Taylor,2026-12-13,2026-12-29
2127,Don Wallace,,
2128,Donald Austin,,
2129,Donald Faison,2026-06-22,
2130,Donald Gibb,2026-08-04,
2131,Donald Glover,2026-09-25,
2132,Donald Petrie,2026-04-02,
2133,Donald Pleasence,2026-10-05,2026-02-02
2134,Donald Rumsfeld,2026-07-09,
2135,Donald Sumpter,2026-02-13,
2136,Donald Trump,2026-06-14,
2137,Donald Watkins,,
2138,Donatas Banionis,2026-04-28,2026-09-04
2139,Dong-gun Jang,2026-03-07,
2140,Donna Murphy,2026-03-07,
2141,Donna Reed,2026-01-27,2026-01-14
2142,Donna Zovko,,
2143,Donnie Dunagan,2026-08-16,
2144,Donny Alamsyah,2026-12-07,
2145,Donny Boaz,,
2146,Donovan Scott,,
2147,Doona Bae,2026-10-11,
2148,Dorian Missick,2026-01-15,
2149,Dororthy Thorton,,
2150,Dorothy Lamour,2026-12-10,2026-09-22
2151,Dorothy Lyman,2026-04-18,
2152,Dottie Alexander,,
2153,Doug Atchison,,
2154,Doug Block,,
2155,Doug Bradley,2026-09-07,
2156,Doug Cockle,2026-09-16,
2157,Doug E. Doug,2026-04-06,
2158,Doug Lefler,,
2159,Doug Liman,2026-07-24,
2160,Douglas Aarniokoski,,
2161,Douglas Cheek,,
2162,Douglas Haase,,
2163,Douglas McGrath,2026-02-02,
2164,Douglas Smith,2026-08-04,
2165,Douglas Trumbull,2026-04-08,
2166,Dougray Scott,2026-11-25,
2167,Dov Tiefenbach,2026-12-08,
2168,Dove Cameron,2026-01-15,
2169,Dr. Dre,2026-02-18,
2170,Drake,2026-10-24,
2171,Drake Bell,2026-06-27,
2172,Drake Doremus,2026-03-29,
2173,Drea de Matteo,2026-01-19,
2174,Dreama Walker,2026-06-20,
2175,Dree Hemingway,2026-12-04,
2176,Drew Barrymore,2026-02-22,
2177,Drew Carey,2026-05-23,
2178,Drew Fuller,2026-05-19,
2179,Drew Goddard,2026-02-26,
2180,Drew Powell,2026-01-19,
2181,Drew Sidora,2026-05-01,
2182,Drew Waters,2026-08-20,
2183,Dror Moreh,,
2184,Duane Jones,2026-02-02,2026-07-22
2185,Duane Journey,,
2186,Duke Johnson,2026-03-20,
2187,Dulé Hill,,
2188,Duncan Jones,2026-05-30,
2189,Duncan Tucker,,
2190,Dustin Diamond,2026-01-07,
2191,Dustin Fitzsimons,2026-12-19,
2192,Dustin Hoffman,2026-08-08,
2193,Dustin Ingram,2026-01-25,
2194,Dustin Lance Black,2026-06-10,
2195,Dustin Milligan,2026-07-28,
2196,Dustin Nguyen,2026-09-17,
2197,Dwayne Johnson,2026-05-02,
2198,Dwight H. Little,2026-01-13,
2199,Dwight Henry,,
2200,Dwight Yoakam,2026-10-23,
2201,Dyan Cannon,2026-01-04,
2202,Dylan Authors,,
2203,Dylan Baker,2026-10-07,
2204,Dylan Bank,,
2205,Dylan Kussman,,
2206,Dylan Minnette,2026-12-29,
2207,Dylan Moran,2026-11-03,
2208,Dylan Schombing,,
2209,Dylan Walsh,2026-11-17,
2210,E. Elias Merhige,,
2211,E.L. Katz,2026-01-07,
2212,Eamonn Walker,2026-06-12,
2213,Earl Cameron,2026-08-08,
2214,Eartha Kitt,2026-01-17,2026-12-25
2215,Ebon Moss-Bachrach,2026-08-17,
2216,Ed Begley Jr.,2026-09-16,
2217,Ed Decter,,
2218,Ed Gass-Donnelly,2026-08-17,
2219,Ed Harris,2026-11-28,
2220,Ed Lauter,2026-10-30,2026-10-16
2221,Ed Quinn,2026-02-26,
2222,Ed Skrein,2026-03-29,
2223,Ed Speleers,2026-04-07,
2224,Ed Stoppard,2026-09-16,
2225,Ed Wynn,1886-11-09,2026-06-19
2226,Eddie 'Piolin' Sotelo,,
2227,Eddie Albert,2026-04-22,2026-05-26
2228,Eddie Baroo,2026-09-25,
2229,Eddie Cahill,2026-01-15,
2230,Eddie Cibrian,2026-06-16,
2231,Eddie Deezen,2026-03-06,
2232,Eddie Griffin,2026-07-15,
2233,Eddie Izzard,2026-02-07,
2234,Eddie Jemison,,
2235,Eddie Jones,,
2236,Eddie Kaye Thomas,2026-10-31,
2237,Eddie Marsan,2026-06-09,
2238,Eddie O'Flaherty,2026-03-15,
2239,Eddie Peng,2026-03-24,
2240,Eddie Redmayne,2026-01-06,
2241,Eddie Rouse,2026-07-02,2026-12-07
2242,Eddie Spears,2026-11-29,
2243,Eddie Vedder,2026-12-23,
2244,Eden Riegel,2026-01-01,
2245,Edgar Arreola,,
2246,Edgar Buchanan,2026-03-20,2026-04-04
2247,Edgar Ramírez,2026-03-25,
2248,Edgar Tancangco,,
2249,Edgar Wright,2026-04-18,
2250,Edi Gathegi,2026-03-10,
2251,Edie Falco,2026-07-05,
2252,Edith Massey,2026-05-28,2026-10-24
2253,Edmund McMillen,,
2254,Edouard Baer,2026-12-01,
2255,Eduard Fernández,2026-08-25,
2256,Eduardo Noriega,2026-08-01,
2257,Eduardo Verástegui,2026-05-21,
2258,Edward Andrews,,
2259,Edward Burns,,
2260,Edward Conna,2026-06-19,
2261,Edward Dmytryk,2026-09-04,2026-07-01
2262,Edward Everett Horton,1886-03-18,2026-09-29
2263,Edward Fox,2026-04-13,
2264,Edward Hall,,
2265,Edward Norton,2026-08-18,
2266,Edward Zwick,2026-10-08,
2267,Edwin Hodge,2026-01-26,
2268,Edwin Neal,2026-07-12,
2269,Efram Potelle,,
2270,Eileen Brennan,2026-09-03,2026-07-28
2271,Eion Bailey,2026-06-08,
2272,Ejner Federspiel,1896-08-12,2026-11-24
2273,Ekachai Uekrongtham,,
2274,Elaine Bromka,2026-01-06,
2275,Elaine Cassidy,2026-12-31,
2276,Elaine Hendrix,2026-12-28,
2277,Elaine May,2026-04-21,
2278,Elaine Stritch,2026-02-02,2026-07-17
2279,Eldar Rapaport,,
2280,Elden Henson,2026-08-30,
2281,Elea Oberon,,
2282,Eleanor Bron,2026-03-14,
2283,Eleanor Parker,2026-06-26,2026-12-09
2284,Elena Anaya,2026-07-17,
2285,Elena Lyadova,2026-12-25,
2286,Elena Satine,2026-11-24,
2287,Eli Craig,2026-05-25,
2288,Eli Marienthal,2026-03-06,
2289,Eli Roth,2026-04-18,
2290,Elia Kazan,2026-09-07,2026-09-28
2291,Elijah Kelley,2026-08-01,
2292,Elina Abai Kyzy,,
2293,Elina Alminas,,
2294,Elio Germano,2026-09-25,
2295,Elisa Donovan,2026-02-03,
2296,Elisabeth Harnois,2026-05-26,
2297,Elise Muller,2026-08-15,
2298,Elise Neal,2026-03-14,
2299,Elissa Dowling,,
2300,Eliza Coupe,2026-04-06,
2301,Elizabeth Allen Rosenbaum,,
2302,Elizabeth Banks,2026-02-10,
2303,Elizabeth Berkley,2026-07-28,
2304,Elizabeth Berrington,2026-08-03,
2305,Elizabeth Blackmore,,
2306,Elizabeth Daily,2026-09-11,
2307,Elizabeth Debicki,,
2308,Elizabeth MacRae,2026-02-22,
2309,Elizabeth McGovern,2026-07-18,
2310,Elizabeth Meriwether,,
2311,Elizabeth Perkins,2026-11-18,
2312,Elizabeth Stenholt,,
2313,Elizabeth Streb,,
2314,Ella Joyce,2026-06-12,
2315,Ella Wahlestedt,2026-08-01,
2316,Ellar Coltrane,2026-08-27,
2317,Ellen Albertini Dow,2026-11-16,2026-05-04
2318,Ellen Barkin,2026-04-16,
2319,Ellen Block,,
2320,Ellen Burstyn,2026-12-07,
2321,Ellen Ross,2026-10-25,
2322,Ellen Sandweiss,2026-12-30,
2323,Ellen Wong,,
2324,Ellia Thompson,,
2325,Ellie Cornell,2026-12-15,
2326,Ellie Kendrick,2026-06-06,
2327,Elliott Gould,2026-08-29,
2328,Ellory Elkayem,2026-08-12,
2329,Elodie Yung,2026-02-22,
2330,Elpidia Carrillo,2026-08-16,
2331,Elsa Lanchester,2026-10-28,2026-12-26
2332,Elton John,2026-03-25,
2333,Elvis Nolasco,,
2334,Elvis Tsui,2026-10-10,
2335,Elyas M'Barek,2026-05-29,
2336,Embeth Davidtz,2026-08-11,
2337,Eme Ikwuakor,,
2338,Emile Ardolino,2026-05-09,2026-11-20
2339,?mile Gaudreault,,
2340,Emilia Clarke,2026-10-23,
2341,Emilia Fox,2026-07-31,
2342,?milie Dequenne,2026-08-29,
2343,Emilio Estefan Jr.,2026-03-04,
2344,Emilio Estevez,2026-05-12,
2345,Emily Alyn Lind,,
2346,Emily Baldoni,2026-08-03,
2347,Emily Dell,,
2348,Emily Gorell,,
2349,Emily Meade,2026-01-10,
2350,Emily Nelson,,
2351,Emily Osment,2026-03-10,
2352,Emily Pearson,,
2353,Emily Podleski,2026-05-15,
2354,Emily Ratajkowski,2026-06-07,
2355,Emily Rios,2026-04-27,
2356,Emily Watson,2026-01-14,
2357,Emily Wickersham,2026-04-26,
2358,Emily Young,,
2359,Emir Kusturica,2026-11-24,
2360,Emma Bell,2026-12-17,
2361,Emma Caulfield,2026-04-08,
2362,Emma de Caunes,2026-09-09,
2363,Emma Eliza Regan,,
2364,Emma Kenney,2026-09-14,
2365,Emma Lung,,
2366,Emma Stone,2026-11-06,
2367,Emma Watson,2026-04-15,
2368,Emma-Kate Croghan,,
2369,Emmanuel Kabongo,2026-12-25,
2370,Emmanuelle Béart,2026-08-14,
2371,Emmanuelle Bercot,2026-11-06,
2372,Emmanuelle Riva,2026-02-24,2026-01-27
2373,Emmanuelle Seigner,2026-06-22,
2374,Emmanuelle Vaugier,2026-06-23,
2375,Emraan Hashmi,2026-03-24,
2376,Enrico Colantoni,2026-02-14,
2377,Enrique Begne,,
2378,Enrique Iglesias,2026-05-08,
2379,Enrique Murciano,2026-07-09,
2380,Enrique Villén,,
2381,Enzo Petito,1897-07-24,2026-07-17
2382,Eoin Macken,2026-04-15,
2383,Eric Ambriz,,
2384,Eric Blakeney,2026-09-14,
2385,Eric Blore,1887-12-23,2026-03-02
2386,Eric Bress,2026-03-25,
2387,Eric Brevig,,
2388,Eric Bross,2026-01-21,
2389,Eric Bugbee,,
2390,Eric Cantona,2026-05-24,
2391,Eric Christmas,2026-03-19,2026-07-22
2392,Eric Dane,2026-11-09,
2393,Eric Darnell,,
2394,Eric Eason,,
2395,Eric Elmosnino,2026-05-02,
2396,Eric England,2026-02-23,
2397,Eric Godon,2026-02-07,
2398,Eric Idle,2026-03-29,
2399,Eric Jacobson,2026-07-25,
2400,Eric Johnson,2026-04-28,
2401,Eric Lange,2026-02-19,
2402,Eric Lartigau,,
2403,Eric Lavaine,,
2404,Eric Leighton,2026-11-06,
2405,Eric Lloyd,2026-05-19,
2406,Eric Mabius,2026-04-22,
2407,Eric McCormack,2026-04-18,
2408,Eric Mendelsohn,2026-11-01,
2409,Eric Mendenhall,,
2410,Eric Nicholas,,
2411,Eric Peterson,2026-10-02,
2412,Eric Schaeffer,2026-01-22,
2413,Eric Schlosser,2026-08-17,
2414,Eric Schweig,2026-06-19,
2415,Eric Sheffer Stevens,2026-06-19,
2416,Eric Stoltz,2026-09-30,
2417,Eric Stonestreet,2026-09-09,
2418,Eric Stuart,2026-10-18,
2419,Eric Styles,,
2420,Eric Sykes,2026-05-04,2026-07-04
2421,?ric Tessier,1883-05-28,2026-06-01
2422,Eric Valette,,
2423,Eric Winter,2026-07-17,
2424,Eric Worre,,
2425,Erica Leerhsen,2026-02-14,
2426,Erica Linz,,
2427,Erick Avari,2026-04-13,
2428,Erick Elias,2026-06-23,
2429,Ericson Core,,
2430,Erik Canuel,,
2431,Erik Estrada,2026-03-16,
2432,Erik Knudsen,2026-03-25,
2433,Erik Palladino,2026-05-10,
2434,Erik Per Sullivan,2026-07-12,
2435,Erik White,,
2436,Erika Christensen,2026-08-19,
2437,Erin Bethea,2026-08-12,
2438,Erin Boyes,,
2439,Erin Cipolletti,,
2440,Erin Daniels,2026-10-09,
2441,Erin Fitzgerald,2026-09-21,
2442,Erin Gray,2026-01-07,
2443,Erin O'Brien,2026-01-31,
2444,Erin Pitt,,
2445,Erin Wasson,2026-01-20,
2446,Erland Josephson,2026-06-15,2026-02-25
2447,Ernest R. Dickerson,2026-06-25,
2448,Ernie Barbarash,,
2449,Ernie Reyes Jr.,2026-01-15,
2450,Eros Vlahos,2026-01-13,
2451,Errol Flynn,2026-06-20,2026-10-14
2452,Errol Morris,2026-02-05,
2453,Esai Morales,2026-10-01,
2454,Essence Atkins,2026-02-07,
2455,Essie Davis,,
2456,Estella Warren,2026-12-23,
2457,Estelle Parsons,2026-11-20,
2458,Esther Williams,2026-08-08,2026-06-06
2459,Etan Cohen,,
2460,Ethan Coen,2026-09-21,
2461,Ethan Embry,2026-06-13,
2462,Ethan Maniquis,,
2463,Ethan Peck,2026-03-02,
2464,Ethan Stiefel,,
2465,Ethan Suplee,2026-05-25,
2466,?tienne Faure,,
2467,Eugène Lourié,2026-04-08,2026-05-26
2468,Eugene Roche,2026-09-22,2026-07-28
2469,Eugenia Khirivskaya,2026-09-03,
2470,Eugenie Bondurant,2026-04-27,
2471,Eugenio Derbez,2026-09-02,
2472,Eva Amurri Martino,2026-03-15,
2473,Eva Birthistle,,
2474,Eva Boehnke,,
2475,Eva Bourne,,
2476,Eva Carrozza,,
2477,Eva Green,2026-07-06,
2478,Eva LaRue,2026-12-27,
2479,Eva Marcille,2026-10-30,
2480,Eva Marie Saint,2026-07-04,
2481,Evan Goldberg,,
2482,Evan Jones,,
2483,Evan McGuire,,
2484,Evan Parke,2026-01-02,
2485,Evan Ross,2026-08-26,
2486,Eve,2026-11-10,
2487,Eve Ensler,2026-05-25,
2488,Eve Plumb,2026-04-29,
2489,Evelyn Jefferson,,
2490,Everett McGill,2026-10-21,
2491,Everett Sloane,2026-10-01,2026-08-06
2492,Evgeniy Mironov,2026-11-29,
2493,Ewen Bremner,2026-01-23,
2494,Ewen Solon,2026-09-07,2026-07-07
2495,Exie Booker,,
2496,Eytan Fox,2026-08-21,
2497,Ezra Miller,2026-09-30,
2498,F. Gary Gray,2026-07-17,
2499,F. Murray Abraham,2026-10-24,
2500,Fabián Bielinsky,2026-02-03,2026-06-28
2501,Fabian Bolin,,
2502,Fabio Testi,2026-08-02,
2503,Fabrice Luchini,2026-11-01,
2504,Facundo Lombard,,
2505,Fadia Nadda,,
2506,Faizon Love,2026-06-14,
2507,Fana Mokoena,2026-05-13,
2508,Fann Wong,2026-01-27,
2509,Fanny Ardant,2026-03-22,
2510,Fares Fares,2026-04-29,
2511,Farrah Fawcett,2026-02-02,2026-06-25
2512,Fatih Akin,2026-08-25,
2513,Fay Masterson,2026-04-15,
2514,Faye Dunaway,2026-01-14,
2515,Fede Alvarez,2026-02-09,
2516,Fedja van Huêt,2026-06-21,
2517,Fedor Bondarchuk,2026-05-09,
2518,Felicia Pearson,2026-05-18,
2519,Felicity Huffman,2026-12-09,
2520,Felix Avitia,2026-10-03,
2521,Félix Moati,2026-08-04,
2522,Fenella Woolgar,2026-08-04,
2523,Fenton Bailey,,
2524,Ferdinando Vetere,,
2525,Fereshteh Sadre Orafaiy,,
2526,Fergie,2026-03-27,
2527,Fernanda Andrade,,
2528,Fernanda Machado,2026-10-10,
2529,Fernanda Montenegro,2026-10-16,
2530,Fernanda Torres,2026-09-14,
2531,Fernando Baez Mella,,
2532,Fernando Cayo,2026-04-22,
2533,Fernando León de Aranoa,2026-05-26,
2534,Fernando Meirelles,2026-11-09,
2535,Fernando Rey,2026-09-20,2026-03-09
2536,Feroz Abbas Khan,,
2537,Ferzan Ozpetek,2026-02-03,
2538,Filippo Timi,2026-02-27,
2539,Fina Torres,2026-04-25,
2540,Finlay Currie,1878-01-20,2026-05-09
2541,Finn Ireland,,
2542,Finn Taylor,2026-07-04,
2543,Finn Wittrock,2026-10-28,
2544,Finola Hughes,2026-10-29,
2545,Fiona Dourif,2026-10-30,
2546,Fiona Glascott,2026-11-22,
2547,Fiona Shaw,2026-07-10,
2548,Fionnula Flanagan,2026-12-10,
2549,Firass Dirani,2026-04-29,
2550,Fisher Stevens,2026-11-27,
2551,Flaco Navaja,,
2552,Flavio Parenti,,
2553,Flea,2026-10-16,
2554,Flint Beverage,,
2555,Florence Ayisi,,
2556,Florence Henderson,2026-02-14,2026-11-24
2557,Florent-Emilio Siri,2026-03-02,
2558,Floria Sigismondi,,
2559,Florian Henckel von Donnersmarck,2026-05-02,
2560,Florian Lukas,2026-03-16,
2561,Floyd Mutrux,2026-06-25,
2562,Forest Whitaker,2026-07-15,
2563,Forrest Tucker,2026-02-12,2026-10-25
2564,Fran Drescher,2026-09-30,
2565,Fran Kranz,2026-07-13,
2566,Frances Bavier,2026-12-14,2026-12-06
2567,Frances Bay,2026-01-23,2026-09-15
2568,Frances Conroy,2026-11-13,
2569,Frances Fisher,2026-10-21,2026-12-27
2570,Frances Lee McCain,2026-07-28,
2571,Frances O'Connor,2026-06-12,
2572,Francesc Pagès,,
2573,Francesca Capaldi,,
2574,Francesca Gregorini,2026-08-07,
2575,Francesca Rettondini,2026-03-07,
2576,Francine Blake,,
2577,Francis Capra,2026-04-27,
2578,Francis Ford Coppola,2026-04-07,
2579,Francis Lawrence,2026-11-07,
2580,Francis Lederer,1899-11-06,2026-05-25
2581,Franck Khalfoun,,
2582,Franco Nero,2026-11-23,
2583,Franco Zeffirelli,2026-02-12,
2584,Fran?ois Bégaudeau,,
2585,Fran?ois Berléand,2026-04-22,
2586,Fran?ois Chau,2026-10-26,
2587,Fran?ois Cluzet,2026-09-21,
2588,Fran?ois Damiens,2026-01-17,
2589,Fran?ois Girard,2026-01-12,
2590,Fran?ois Ozon,2026-11-15,
2591,Fran?ois Truffaut,2026-02-06,2026-10-21
2592,Fran?oise Yip,2026-09-04,
2593,Frank Borzage,1894-04-23,2026-06-19
2594,Frank Capra,1897-05-18,2026-09-03
2595,Frank Coraci,2026-02-03,
2596,Frank Darabont,2026-01-28,
2597,Frank Dillane,2026-04-21,
2598,Frank Faylen,2026-12-08,2026-08-02
2599,Frank Finlay,2026-08-06,2026-01-30
2600,Frank Gerrish,2026-03-14,
2601,Frank Grillo,2026-06-08,
2602,Frank Hvam,2026-09-12,
2603,Frank LaLoggia,2026-01-12,
2604,Frank Langella,2026-01-01,
2605,Frank Lotito,,
2606,Frank Marshall,2026-09-13,
2607,Frank McHugh,1898-05-23,2026-09-11
2608,Frank Miller,2026-01-27,
2609,Frank Nissen,,
2610,Frank Oz,2026-05-25,
2611,Frank Perry,2026-08-21,2026-08-29
2612,Frank Rautenbach,2026-05-12,
2613,Frank Sebastiano,,
2614,Frank Vincent,2026-08-04,
2615,Frank Welker,2026-03-12,
2616,Frank Whaley,2026-07-20,
2617,Frankie Muniz,2026-12-05,
2618,Frankie Valli,2026-05-03,
2619,Franklin J. Schaffner,2026-05-30,2026-07-02
2620,Franky G,2026-10-30,
2621,Fred Armisen,2026-12-04,
2622,Fred Dekker,2026-04-09,
2623,Fred Durst,2026-08-20,
2624,Fred Gwynne,2026-07-10,2026-07-02
2625,Fred MacMurray,2026-08-30,2026-11-05
2626,Fred Malatesta,1889-04-18,2026-04-08
2627,Fred Melamed,2026-05-13,
2628,Fred Rogers,2026-03-20,2026-02-27
2629,Fred Savage,2026-07-09,
2630,Fred Schepisi,2026-12-26,
2631,Fred Tatasciore,,
2632,Fred Walton,,
2633,Fred Ward,2026-12-30,
2634,Fred Willard,2026-09-18,
2635,Fred Williamson,2026-03-05,
2636,Fred Wolf,2026-09-13,
2637,Fred Zinnemann,2026-04-29,2026-03-14
2638,Freddie Jones,2026-09-12,
2639,Freddy Rodríguez,2026-01-17,
2640,Frédéric Auburtin,2026-06-04,
2641,Frédéric Forestier,,
2642,Frederic Forrest,2026-12-23,
2643,Frederick Weller,2026-06-24,
2644,Frederik Du Chau,2026-05-15,
2645,Fredro Starr,2026-04-18,
2646,French Stewart,2026-02-20,
2647,Frida Hallgren,2026-12-16,
2648,Fritz Kortner,1892-05-12,2026-07-22
2649,Fritz Lang,1890-12-05,2026-08-02
2650,G.J. Echternkamp,,
2651,G.W. Bailey,2026-08-27,
2652,G.W. Krauss,,
2653,Gabe Ibá?ez,2026-06-07,
2654,Gabor Csupo,2026-09-29,
2655,Gabourey Sidibe,2026-05-06,
2656,Gabriel Almirón,,
2657,Gabriel Bateman,,
2658,Gabriel Beristain,2026-05-09,
2659,Gabriel Damon,2026-04-23,
2660,Gabriel Hogan,,
2661,Gabriel Iglesias,2026-07-15,
2662,Gabriel Millman,2026-02-07,
2663,Gabriel Reyes,,
2664,Gabriel Thomson,2026-10-27,
2665,Gabriela Castillo,,
2666,Gabriela Tagliavini,2026-12-29,
2667,Gabriele Muccino,2026-05-20,
2668,Gabrielle Carteris,2026-01-02,
2669,Gabrielle Reece,2026-01-06,
2670,Gaby Hoffmann,2026-01-08,
2671,Gael Le Cornec,,
2672,Gage Golightly,2026-09-05,
2673,Gaia Weiss,2026-08-30,
2674,Gale Sondergaard,1899-02-15,2026-08-14
2675,Gano Grills,,
2676,Garba Touré,,
2677,Garcelle Beauvais,2026-11-26,
2678,Gareth Edwards,,
2679,Gareth Evans,,
2680,Garrett Clayton,,
2681,Garrett M. Brown,2026-11-07,
2682,Garrett Morris,2026-02-01,
2683,Garrett Ryan,,
2684,Garrick Hagon,2026-09-27,
2685,Garry Cooper,2026-05-07,2026-05-13
2686,Garry Marshall,2026-11-13,2026-07-19
2687,Garry Shandling,2026-11-29,2026-03-24
2688,Garth Jennings,,
2689,Garvin Cross,,
2690,Gary Chapman,,
2691,Gary Cole,2026-09-20,
2692,Gary Coleman,2026-02-08,2026-05-28
2693,Gary Cooper,2026-05-07,2026-05-13
2694,Gary Daniels,2026-05-09,
2695,Gary David Goldberg,2026-06-25,2026-06-22
2696,Gary Dourdan,2026-12-11,
2697,Gary Farmer,2026-06-12,
2698,Gary Fleder,2026-12-19,
2699,Gary Halvorson,,
2700,Gary Hardwick,,
2701,Gary Lewis,,
2702,Gary Lockwood,2026-02-21,
2703,Gary McDonald,,
2704,Gary McKendry,,
2705,Gary Nelson,2026-12-20,
2706,Gary Oldman,2026-03-21,
2707,Gary Rogers,,
2708,Gary Ross,2026-11-03,
2709,Gary Schwartz,,
2710,Gary Sherman,,
2711,Gary Shore,,
2712,Gary Sinyor,,
2713,Gary Stretch,2026-11-04,
2714,Gary Trousdale,2026-06-08,
2715,Gary Weeks,2026-06-04,
2716,Gary Winick,2026-03-31,2026-02-27
2717,Gaspar Noé,2026-12-27,
2718,Gastón Pauls,2026-01-17,
2719,Gauhar Khan,2026-08-23,
2720,Gavin Hood,2026-05-12,
2721,Gavin MacLeod,2026-02-28,
2722,Gavin Newsom,2026-10-10,
2723,Gavin O'Connor,,
2724,Gavin Wiesen,,
2725,Gaye Brown,2026-03-02,
2726,Gbenga Akinnagbe,2026-12-12,
2727,Gedde Watanabe,2026-06-26,
2728,Gemma Chan,2026-11-29,
2729,Gemma Jones,2026-12-04,
2730,Gen Seto,,
2731,Gena Rowlands,2026-06-19,
2732,Gene Quintano,,
2733,Gene Simmons,2026-08-25,
2734,Gene Teigland,,
2735,Gene Tierney,2026-11-19,2026-11-06
2736,Geneviève Bujold,2026-07-01,
2737,Geneviève Lemon,,
2738,Genevieve O'Reilly,2026-01-06,
2739,Genndy Tartakovsky,2026-01-17,
2740,Geoff Bell,,
2741,Geoff Murphy,2026-06-13,
2742,Geoff Stults,2026-12-15,
2743,Geoffrey Arend,2026-02-28,
2744,Geoffrey Holder,2026-08-01,2026-10-05
2745,Geoffrey Palmer,2026-06-04,
2746,Geoffrey Sax,,
2747,Georg Wilhelm Pabst,1885-08-25,2026-05-29
2748,George 'Buck' Flower,2026-10-28,2026-06-18
2749,George A. Romero,2026-02-04,
2750,George Armitage,,
2751,George Brent,2026-03-15,2026-05-26
2752,George C. Scott,2026-10-18,2026-09-22
2753,George Carlin,2026-05-12,2026-06-22
2754,George Chakiris,2026-09-16,
2755,George Clooney,2026-05-06,
2756,George Coe,2026-02-03,
2757,George Cole,2026-03-01,
2758,George Coulouris,2026-10-01,2026-04-25
2759,George Cukor,1899-07-07,2026-01-24
2760,George DiCenzo,2026-04-21,2026-08-09
2761,George Gallo,,
2762,George Hamilton,2026-08-12,
2763,George Harris,2026-02-18,2026-02-28
2764,George Harrison,2026-02-25,2026-11-29
2765,George Hickenlooper,2026-05-25,2026-10-30
2766,George Jackson,,
2767,George Kennedy,2026-02-18,2026-02-28
2768,George Lazenby,2026-09-05,
2769,George Lopez,2026-04-23,
2770,George Lucas,2026-05-14,
2771,George Miller,2026-03-03,
2772,George Newbern,2026-12-30,
2773,George Newton,2026-04-05,
2774,George Nolfi,,
2775,George P. Cosmatos,2026-01-04,2026-04-19
2776,George Peppard,2026-10-01,2026-05-08
2777,George Raft,2026-09-26,2026-11-24
2778,George Ratliff,2026-10-11,
2779,George Reeves,2026-01-05,2026-06-16
2780,George Roy Hill,2026-12-20,2026-12-27
2781,George Sanders,2026-07-03,2026-04-25
2782,George Sidney,2026-10-04,2026-05-05
2783,George Stevens,2026-04-03,
2784,George T. Odom,2026-08-21,2026-09-21
2785,George Tillman Jr.,2026-01-26,
2786,George Voskovec,2026-06-19,2026-07-01
2787,George W. Bush,2026-07-06,
2788,George Wendt,2026-10-17,
2789,Georgia Groome,2026-02-11,
2790,Georgia Hilton,,
2791,Georgina Cates,2026-01-14,
2792,Georgina Chapman,2026-04-14,
2793,Georgina Reilly,2026-02-12,
2794,Gerald McRaney,2026-08-19,
2795,Gerald Potterton,2026-03-08,
2796,Geraldine Chaplin,2026-07-31,
2797,Geraldine McEwan,2026-05-09,2026-01-30
2798,Gerard Butler,2026-11-13,
2799,Gerard Johnstone,,
2800,Gérard Jugnot,2026-05-04,
2801,Gérard Krawczyk,2026-05-17,
2802,Gerard McSorley,,
2803,Gerardo Taracena,,
2804,Germán Alcarazu,,
2805,Gerry Becker,2026-04-11,
2806,Gerry Bednob,,
2807,Gerry Lively,,
2808,Gerry Lopez,,
2809,Gert Fr?be,2026-02-25,2026-09-05
2810,Ghassan Massoud,2026-09-20,
2811,Gia Coppola,2026-01-01,
2812,Gia Mantegna,2026-04-17,
2813,Gian Maria Volontè,2026-04-09,2026-12-06
2814,Giancarlo Giannini,2026-08-01,
2815,Gideon Emery,2026-09-12,
2816,Gideon Raff,,
2817,Gigi Rice,2026-03-13,
2818,Gil Bellows,2026-06-28,
2819,Gil Birmingham,2026-07-13,
2820,Gil Junger,2026-11-07,
2821,Gil Kenan,2026-10-16,
2822,Gilbert Gottfried,2026-02-28,
2823,Gilbert R. Hill,2026-11-06,2月29日
2824,Gilbert Roland,2026-12-11,2026-05-15
2825,Gilles Lellouche,,
2826,Gilles Paquet-Brenner,,
2827,Gillian Armstrong,2026-12-18,
2828,Gillian Jacobs,2026-10-19,
2829,Gillian Robespierre,2026-06-29,
2830,Gillian White,,
2831,Gina Bellman,2026-07-10,
2832,Gina Holden,2026-03-17,
2833,Gina Lollobrigida,2026-07-04,
2834,Gina McKee,2026-04-14,
2835,Gina Montana,,
2836,Gina Prince-Bythewood,2026-06-10,
2837,Ginger Jensen,,
2838,Ginger Rogers,2026-07-16,2026-04-25
2839,Gino Salvano,,
2840,Giovanna Mezzogiorno,2026-11-09,
2841,Giovanni Zelko,,
2842,Gitte Witt,2026-06-20,
2843,Giulia Michelini,2026-06-02,
2844,Giuliano Montaldo,2026-02-22,
2845,Giuseppe Tornatore,2026-05-27,
2846,Gladys Cooper,1888-12-18,2026-11-17
2847,Glen Hansard,2026-04-21,
2848,Glen Morgan,,
2849,Glen Murphy,,
2850,Glen Powell,2026-10-21,
2851,Glenn Beck,2026-02-10,
2852,Glenn Campbell,2026-04-22,
2853,Glenn Erland Tosterud,,
2854,Glenn Ficarra,,
2855,Glenn Ford,2026-05-01,2026-08-30
2856,Glenn Howerton,2026-04-13,
2857,Glenn Morshower,2026-04-24,
2858,Glenn Plummer,2026-08-18,
2859,Glenn Shadix,2026-04-15,2026-09-07
2860,Glenne Headly,2026-03-13,
2861,Gloria Foster,2026-11-15,2026-09-29
2862,Gloria Grahame,2026-11-28,2026-10-05
2863,Gloria Reuben,2026-06-09,
2864,Gloria Sandoval,,
2865,Gloria Stuart,2026-07-04,2026-09-26
2866,Gloria Votsis,2026-02-09,
2867,Glynis Johns,2026-10-05,
2868,Gnana Rajasekaran,,
2869,Gonzalo López-Gallego,,
2870,Goran Dukic,,
2871,Goran Visnjic,2026-09-09,
2872,Gordon Chan,,
2873,Gordon Currie,2026-09-25,
2874,Gordon Jackson,2026-12-19,2026-01-15
2875,Gordon Jump,2026-04-01,2026-09-22
2876,Gordon Pinsent,2026-07-12,
2877,Gore Verbinski,2026-03-16,
2878,Goya Toledo,2026-09-24,
2879,Grace Gummer,2026-05-09,
2880,Grace Jones,2026-05-19,
2881,Grace Phipps,2026-05-04,
2882,Graham Annable,,
2883,Graham Beckel,2026-12-22,
2884,Graham McTavish,2026-01-03,
2885,Grant Bowler,2026-07-18,
2886,Grant Heslov,2026-05-15,
2887,Grasie Mercedes,2026-02-23,
2888,Graziella Galvani,2026-06-27,
2889,Greer Garson,2026-02-20,2026-08-16
2890,Greg Aronowitz,,
2891,Greg Ayres,2026-12-07,
2892,Greg Berlanti,2026-05-24,
2893,Greg Collins,2026-12-08,
2894,Greg Coolidge,2026-12-28,
2895,Greg Crowe,2026-03-13,
2896,Greg D'Agostino,,
2897,Greg Germann,2026-02-26,
2898,Greg Grunberg,2026-07-11,
2899,Greg Harrison,2026-05-31,
2900,Greg Jackson,2026-06-10,
2901,Greg Marcks,2026-08-12,
2902,Greg Mottola,2026-07-11,
2903,Greg Nicotero,2026-03-15,
2904,Greg Speirs,,
2905,Greg Tiernan,2026-06-19,
2906,Gregg Henry,2026-05-06,
2907,Gregor Jordan,,
2908,Gregory Alan Williams,2026-06-12,
2909,Gregory Cruz,,
2910,Gregory Hoblit,2026-11-27,
2911,Gregory Itzin,2026-04-20,
2912,Gregory Jacobs,,
2913,Gregory Nava,2026-04-10,
2914,Gregory Poirier,2026-05-19,
2915,Gregory Scott Cummins,,
2916,Gregory Sierra,2026-01-25,
2917,Gregory Smith,2026-07-06,
2918,Gregory Widen,,
2919,Greta Gerwig,2026-08-04,
2920,Gretchen Mol,2026-11-08,
2921,Gretchen Palmer,2026-12-16,
2922,Grey Damon,2026-09-24,
2923,Grey Griffin,2026-08-24,
2924,Griffin Cleveland,,
2925,Griffin Dunne,2026-06-08,
2926,Griffin Kane,,
2927,Grigoriy Dobrygin,2026-02-17,
2928,Guang Li,,
2929,Guillaume Canet,2026-04-10,
2930,Guillaume Denaiffe,,
2931,Guillaume Ivernel,,
2932,Guillermo Arriaga,2026-03-13,
2933,Guillermo del Toro,2026-10-09,
2934,Guillermo Francella,2026-02-14,
2935,Gulshan Grover,2026-09-21,
2936,Gunnar Hansen,,
2937,Gurinder Chadha,2026-01-10,
2938,Guro Nagelhus Schia,,
2939,Gus Van Sant,2026-07-24,
2940,Gustaf Skarsg?rd,2026-11-12,
2941,Gustav Fr?hlich,2026-03-21,2026-12-22
2942,Guy Hamilton,2026-03-25,
2943,Guy Maddin,2026-02-28,
2944,Guy Ritchie,2026-09-10,
2945,Gyton Grantley,,
2946,H.M. Coakley,2026-01-01,
2947,H.M. Wynant,2026-02-12,
2948,Hailu Qin,,
2949,Hakeem Kae-Kazim,2026-10-01,
2950,Hal Haberman,,
2951,Hal Holbrook,2026-02-17,
2952,Hal Landon Jr.,2026-05-23,
2953,Hal Linden,2026-03-20,
2954,Hal Needham,2026-03-06,2026-10-25
2955,Haley Bennett,2026-01-07,
2956,Haley Joel Osment,2026-04-10,
2957,Haley Ramm,2026-03-26,
2958,Hallee Hirsh,2026-12-16,
2959,Haluk Bilginer,2026-06-05,
2960,Ham Tran,,
2961,Hana Mae Lee,2026-09-28,
2962,Hana Shuan,2026-09-24,
2963,Hanaa Bouchaib,,
2964,Hank Braxtan,2026-04-27,
2965,Hannah Britland,,
2966,Hannah Murray,2026-07-01,
2967,Hannah Spearritt,2026-04-01,
2968,Hanne Aagesen,2026-01-11,2026-03-18
2969,Hanno P?schl,2026-07-02,
2970,Hans Canosa,,
2971,Hans Kesting,2026-10-06,
2972,Hans Matheson,2026-08-07,
2973,Hans Petter Moland,2026-10-17,
2974,Hans Weingartner,2026-11-02,
2975,Hansika Motwani,2026-08-09,
2976,Hao Ning,,
2977,Harald Reinl,2026-07-09,2026-10-09
2978,Harald Zwart,2026-07-01,
2979,Hardy Krüger,2026-04-12,
2980,Hark Tsui,2026-02-15,
2981,Harland Williams,2026-11-14,
2982,Harley Cokeliss,2026-02-11,
2983,Harley Jane Kozak,2026-01-28,
2984,Harmage Singh Kalirai,,
2985,Harmony Korine,2026-01-04,
2986,Harold Becker,2026-09-25,
2987,Harold Cronk,,
2988,Harold Gould,2026-12-10,2026-09-11
2989,Harold Perrineau,2026-08-07,
2990,Harold Ramis,2026-11-21,2026-02-24
2991,Harriet Walter,2026-09-24,
2992,Harris Yulin,2026-11-05,
2993,Harrison Ford,2026-07-13,
2994,Harrison Gilbertson,,
2995,Harrison Page,2026-08-27,
2996,Harry Beaumont,1888-02-10,2026-12-22
2997,Harry Carey Jr.,2026-05-16,2026-12-27
2998,Harry Connick Jr.,2026-09-11,
2999,Harry Elfont,2026-04-05,
3000,Harry F. Millarde,1885-11-12,2026-11-02
3001,Harry Gantz,,
3002,Harry Lennix,2026-11-16,
3003,Harry Shearer,2026-12-23,
3004,Harry Styles,2026-02-01,
3005,Harry Treadaway,2026-09-10,
3006,Hart Bochner,2026-10-03,
3007,Haruma Miura,2026-04-05,
3008,Harvey Fierstein,2026-06-06,
3009,Harvey Korman,2026-02-15,2026-05-29
3010,Harvey Weinstein,2026-03-19,
3011,Hassan Johnson,,
3012,Hattie McDaniel,1895-06-10,2026-10-26
3013,Hayao Miyazaki,2026-01-05,
3014,Hayden Christensen,2026-04-19,
3015,Hayley Atwell,2026-04-05,
3016,Hayley Cloake,,
3017,Hayley Kiyoko,2026-04-03,
3018,Hayley Lovitt,,
3019,Hayley McFarland,2026-03-29,
3020,Heath Ledger,2026-04-04,2026-01-22
3021,Heather Berman,,
3022,Heather Bucha,,
3023,Heather Burns,2026-04-07,
3024,Heather Donahue,2026-12-22,
3025,Heather Langenkamp,2026-07-17,
3026,Heather Locklear,2026-09-25,
3027,Heather Matarazzo,2026-11-10,
3028,Heather Morris,2026-02-01,
3029,Heather O'Rourke,2026-12-27,2026-02-01
3030,Heather Sossaman,2026-04-25,
3031,Hector Echavarria,2026-12-06,
3032,Hector Elizondo,2026-12-22,
3033,Héctor Jiménez,2026-12-14,
3034,Hector Kotsifakis,,
3035,Hedy Lamarr,2026-11-09,2026-01-19
3036,Heidi Ewing,,
3037,Heike Makatsch,2026-08-13,
3038,Helen Hayes,2026-07-04,
3039,Helen Martin,2026-07-23,2026-03-25
3040,Helen McCrory,2026-08-17,
3041,Helena Mattsson,2026-03-30,
3042,Helmut Bakaitis,2026-09-26,
3043,Henri Garcin,2026-04-11,
3044,Henry Alex Rubin,,
3045,Henry Bean,,
3046,Henry Cavill,2026-05-05,
3047,Henry Czerny,2026-02-08,
3048,Henry Hathaway,1898-03-13,2026-02-11
3049,Henry Hobson,,
3050,Henry Ian Cusick,2026-04-17,
3051,Henry Jaglom,2026-01-26,
3052,Henry Joost,,
3053,Henry King,2026-12-02,
3054,Henry Koster,2026-05-01,2026-09-21
3055,Henry Rollins,2026-02-13,
3056,Henry Selick,2026-11-30,
3057,Henry Silva,2026-09-15,
3058,Henry Simmons,2026-07-01,
3059,Henry Thomas,2026-09-09,
3060,Herb Freed,,
3061,Herbert Gr?nemeyer,2026-04-12,
3062,Herbert Lom,2026-09-11,2026-09-27
3063,Herbert Ross,2026-05-13,2026-10-09
3064,Herbert Russell,,
3065,Herman Koto,,
3066,Hervé Villechaize,2026-04-23,2026-09-04
3067,Hiam Abbass,2026-11-30,
3068,Hideaki Anno,2026-05-22,
3069,Hideo Nakata,2026-07-19,
3070,Hilary Brougher,,
3071,Hilda Bernard,2026-10-29,
3072,Hill Harper,2026-05-17,
3073,Hironobu Sakaguchi,2026-11-14,
3074,Hiroshi Abe,2026-06-22,
3075,Hitoshi Matsumoto,2026-09-08,
3076,Ho-Sung Pak,2026-11-06,
3077,Hoke Howell,2026-08-27,2026-05-09
3078,Holland Taylor,2026-01-14,
3079,Holly Hunter,2026-03-20,
3080,Holly Valance,2026-05-11,
3081,Holmes Osborne,2026-11-07,
3082,Holt McCallany,2026-09-03,
3083,Homayoun Ershadi,,
3084,Hong-jin Na,,
3085,Honglei Sun,2026-08-16,
3086,Honor Blackman,2026-08-22,
3087,Hope Davis,2026-03-23,
3088,Hope Olaide Wilson,2026-08-16,
3089,Horatio Sanz,2026-06-04,
3090,Howard Caine,2026-01-02,2026-12-28
3091,Howard Deutch,2026-09-14,
3092,Howard Hawks,1896-05-30,2026-12-26
3093,Howard Hesseman,2026-02-27,
3094,Howard Hughes,,
3095,Howard Keel,2026-04-13,2026-11-07
3096,Howard Morris,2026-09-04,2026-05-21
3097,Howard Zieff,2026-10-21,2026-02-21
3098,Hoyt Axton,2026-03-25,2026-10-26
3099,Hoyt Yeatman,2026-01-23,
3100,Hristo Shopov,2026-01-04,
3101,Hsiao-Hsien Hou,2026-04-08,
3102,Huck Botko,,
3103,Hudson Leick,2026-05-09,
3104,Hue Rhodes,,
3105,Huell Howser,2026-10-18,2026-01-07
3106,Huey Lewis,2026-07-05,
3107,Hugh Bonneville,2026-11-10,
3108,Hugh Dillon,2026-05-31,
3109,Hugh Ducklow,,
3110,Hugh Griffith,2026-05-30,2026-05-14
3111,Hugh Hudson,2026-08-25,
3112,Hugh Jackman,2026-10-12,
3113,Hugh Johnson,,
3114,Hugh Keays-Byrne,2026-05-18,
3115,Hugh M. Hefner,2026-04-09,
3116,Hugh Mun,2026-09-09,
3117,Hugh O'Brian,2026-04-19,2026-09-05
3118,Hugh O'Conor,2026-04-19,
3119,Hugh Wilson,2026-08-21,
3120,Hugo Stiglitz,2026-08-28,
3121,Hulk Hogan,2026-08-11,
3122,Humphrey Bogart,1899-12-25,2026-01-14
3123,Hunter Parrish,2026-05-13,
3124,Hunter Richards,,
3125,Hutch Dano,2026-05-21,
3126,Hye-jeong Kang,2026-01-04,
3127,Hye-kyo Song,2026-11-22,
3128,Hyung-rae Shim,2026-01-03,
3129,Iain Softley,,
3130,Ian Bohen,2026-09-24,
3131,Ian Fitzgibbon,,
3132,Ian Gamazon,,
3133,Ian Gomez,2026-12-27,
3134,Ian Hart,2026-10-08,
3135,Ian Iqbal Rashid,,
3136,Ian McDiarmid,2026-08-11,
3137,Ian McNeice,2026-10-02,
3138,Ian Mune,,
3139,Ian Richardson,2026-04-07,2026-02-09
3140,Ian Sharp,2026-11-13,
3141,Ian Somerhalder,2026-12-08,
3142,Ian Tracey,2026-06-26,
3143,Ian Whyte,2026-09-17,
3144,Ian Ziering,2026-03-30,
3145,Iben Hjejle,2026-03-22,
3146,Ice Cube,2026-06-15,
3147,Ice-T,2026-02-16,
3148,Iddo Goldberg,2026-08-05,
3149,Igal Naor,2026-06-25,
3150,Igor Jijikine,2026-10-08,
3151,Igor Kovalyov,2026-01-17,
3152,Igor Zaripov,,
3153,Ike Barinholtz,2026-02-18,
3154,Iko Uwais,2026-02-12,
3155,Ilene Graff,2026-02-28,
3156,Illeana Douglas,2026-07-25,
3157,Imelda Staunton,2026-01-09,
3158,India de Beaufort,2026-06-27,
3159,Indiana Evans,2026-07-27,
3160,Indira Varma,2026-05-14,
3161,Ingmar Bergman,2026-07-14,2026-07-30
3162,Ingrid Bols? Berdal,2026-03-02,
3163,Ingrid Thulin,2026-01-27,2026-01-07
3164,Ingvar Eggert Sigur?sson,2026-11-22,
3165,Inna Evlannikova,,
3166,Ioan Gruffudd,2026-10-06,
3167,Ion Overman,2026-11-09,
3168,Ione Skye,2026-09-04,
3169,Ira Sachs,,
3170,Irene Bedard,2026-07-22,
3171,Irene Dunne,1898-12-20,2026-09-04
3172,Irène Jacob,2026-07-15,
3173,Irene Papas,2026-09-03,
3174,Irvin Kershner,2026-04-29,2026-11-27
3175,Irwin Winkler,2026-05-28,
3176,Isaac C. Singleton Jr.,,
3177,Isaac Florentine,,
3178,Isaac Hayes,2026-08-20,2026-08-10
3179,Isaac Hempstead Wright,2026-04-09,
3180,Isaach De Bankolé,2026-08-12,
3181,Isabel Coixet,2026-04-09,
3182,Isabella Rossellini,2026-06-18,
3183,Isabelle Adjani,2026-06-27,
3184,Isabelle Carré,2026-05-28,
3185,Isabelle Huppert,2026-03-16,
3186,Isabelle Nanty,2026-01-21,
3187,Isabelle Nélisse,,
3188,Isaiah Washington,2026-08-03,
3189,Isiah Thomas,2026-04-30,
3190,Isiah Whitlock Jr.,2026-09-13,
3191,Isild Le Besco,2026-11-22,
3192,István Szabó,,
3193,Iulia Ciochina,,
3194,Ivan Barnev,2026-07-15,
3195,Ivan Dixon,2026-04-06,2026-03-16
3196,Ivan Engler,,
3197,Iván Kamarás,2026-12-22,
3198,Ivan Kavanagh,,
3199,Ivan Okhlobystin,2026-07-22,
3200,Ivan Reitman,2026-10-27,
3201,Ivan Sergei,2026-05-07,
3202,Ivana Baquero,2026-06-11,
3203,Ivana Milicevic,2026-04-26,
3204,Ivette Alvarez,,
3205,Izabella Miko,2026-01-21,
3206,Izabella Scorupco,2026-06-04,
3207,J Blakeson,,
3208,J. Lee Thompson,2026-08-01,2026-08-30
3209,J. Smith-Cameron,,
3210,J.A. Bayona,,
3211,J.B. Rogers,2026-10-08,2026-08-06
3212,J.B. Smoove,2026-12-16,
3213,J.C. Chandor,,
3214,J.D. Evermore,2026-11-05,
3215,J.D. Williams,2026-02-08,
3216,J.J. Abrams,2026-06-27,
3217,J.J. Cohen,2026-06-22,
3218,J.K. Simmons,2026-01-09,
3219,J.S. Cardone,2026-10-19,
3220,J.T. Walsh,2026-11-24,
3221,Jacek Koman,2026-08-15,
3222,Jacinda Barrett,2026-08-02,
3223,Jack Albertson,2026-06-16,2026-11-25
3224,Jack Canfield,,
3225,Jack Carson,2026-10-27,2026-01-02
3226,Jack Conway,1887-07-17,2026-10-11
3227,Jack Davenport,2026-03-01,
3228,Jack E. Curenton,,
3229,Jack Elam,2026-11-13,2026-10-20
3230,Jack Guzman,2026-06-21,
3231,Jack Hawkins,2026-09-14,2026-07-18
3232,Jack Heller,,
3233,Jack Kao,2026-04-23,
3234,Jack Lord,1894-02-01,2026-08-31
3235,Jack McBrayer,2026-05-27,
3236,Jack McElhone,,
3237,Jack McGee,2026-02-02,
3238,Jack McGraw,,
3239,Jack Nance,2026-12-21,2026-12-30
3240,Jack O'Connell,2026-08-01,
3241,Jack O'Halloran,2026-04-08,
3242,Jack Palance,2026-02-18,2026-11-10
3243,Jack Perez,,
3244,Jack Plotnick,2026-10-30,
3245,Jack Reynor,2026-01-23,
3246,Jack Sholder,2026-06-08,
3247,Jack Smight,2026-03-09,2026-09-01
3248,Jack Taylor,,
3249,Jack Thompson,2026-08-31,
3250,Jack Warden,2026-09-18,2026-07-19
3251,Jack Wild,2026-09-30,2026-03-01
3252,Jacki Weaver,2026-05-25,
3253,Jackie Burroughs,2026-02-02,2026-09-22
3254,Jackie Cooper,2026-09-15,2026-05-03
3255,Jackie Earle Haley,2026-07-14,
3256,Jackie Gleason,2026-02-26,2026-06-24
3257,Jackie Nova,,
3258,Jackson Nicoll,,
3259,Jacky Ido,2026-05-14,
3260,Jaco Booyens,,
3261,Jacob Aaron Estes,2026-09-06,
3262,Jacob Hopkins,,
3263,Jacob Latimore,2026-08-10,
3264,Jacob Pitts,,
3265,Jacob Tremblay,2026-10-05,
3266,Jacob Vargas,2026-08-18,
3267,Jacob Young,2026-09-10,
3268,Jacob Zachar,2026-05-16,
3269,Jacqueline Bisset,2026-09-13,
3270,Jacqueline Lovell,2026-12-09,
3271,Jacqueline MacInnes Wood,2026-04-17,
3272,Jacqueline McKenzie,2026-10-24,
3273,Jacques Brel,2026-04-08,2026-10-09
3274,Jacques Gamblin,2026-11-16,
3275,Jacques Perrin,2026-07-13,
3276,Jada Pinkett Smith,2026-09-18,
3277,Jade Kindar-Martin,,
3278,Jaden Klein,,
3279,Jafar Panahi,2026-07-11,
3280,Jaime Camil,2026-07-22,
3281,Jaime King,2026-04-23,
3282,Jaime Zevallos,,
3283,Jake Busey,2026-06-15,
3284,Jake Cherry,,
3285,Jake Goldberger,2026-05-12,
3286,Jake Gyllenhaal,2026-12-19,
3287,Jake Kasdan,2026-10-28,
3288,Jake Lacy,,
3289,Jake Lloyd,2026-03-05,
3290,Jake Paltrow,2026-09-26,
3291,Jake Richardson,2026-03-03,
3292,Jake Ryan,,
3293,Jake Sandvig,2026-09-08,
3294,Jake Schreier,,
3295,Jake Scott,,
3296,Jake Short,2026-05-30,
3297,Jake Weary,2026-02-14,
3298,Jake Weber,2026-03-19,
3299,Jake Wood,2026-07-12,
3300,Jaleel White,2026-11-27,
3301,Jamaa Fanaka,2026-09-06,2026-04-01
3302,Jamal Hill,,
3303,Jamel Debbouze,2026-06-18,
3304,James Algar,2026-06-11,2026-02-26
3305,James Babson,2026-10-24,
3306,James Badge Dale,2026-05-01,
3307,James Biberi,2026-07-28,
3308,James Bidgood,2026-03-28,
3309,James Bobin,,
3310,James Bolam,2026-06-16,
3311,James Bridges,2026-02-03,2026-06-06
3312,James Brolin,2026-07-18,
3313,James Brown,,
3314,James Burnett,,
3315,James Cagney,1899-07-17,2026-03-30
3316,James Callis,,
3317,James Cameron,2026-08-16,
3318,James Chalke,,
3319,James Coburn,2026-08-31,2026-11-18
3320,James Corden,2026-08-22,
3321,James Cox,,
3322,James Cullen Bressack,2月29日,
3323,James D'Arcy,2026-08-24,
3324,James David Pasternak,,
3325,James DeBello,2026-06-09,
3326,James Deen,2026-02-07,
3327,James DeMonaco,,
3328,James Dodson,,
3329,James Doohan,2026-03-03,2026-07-20
3330,James Drury,2026-04-18,
3331,James Duval,2026-09-10,
3332,James Eckhouse,2026-02-14,
3333,James Fargo,,
3334,James Fleet,2026-03-11,
3335,James Foley,2026-12-28,
3336,James Fox,2026-05-19,
3337,James Frain,2026-03-14,
3338,James Franco,2026-04-19,
3339,James Frawley,2026-09-29,
3340,James Gammon,2026-04-20,2026-07-16
3341,James Gartner,2026-04-07,2026-07-19
3342,James Gray,,
3343,James Gunn,2026-08-05,
3344,James Hall,,
3345,James Hetfield,2026-08-03,
3346,James Huang,2026-01-07,
3347,James Isaac,2026-06-05,2026-05-06
3348,James Ivory,2026-06-07,
3349,James Karen,2026-11-28,
3350,James Kerwin,2026-10-13,
3351,James Kyson,2026-12-13,
3352,James L. Brooks,2026-05-09,
3353,James Lafferty,2026-07-25,
3354,James Lance,2026-05-05,
3355,James Le Gros,2026-04-27,
3356,James Lew,2026-05-19,
3357,James Lipton,2026-09-19,
3358,James Lorinz,2026-05-22,
3359,James Manera,,
3360,James Mangold,2026-12-16,
3361,James Marsh,2026-04-30,
3362,James Martin Kelly,2026-09-06,
3363,James Mason,2026-05-15,2026-07-27
3364,James Mather,,
3365,James McCaffrey,,
3366,James McTeigue,,
3367,James Melkonian,2026-04-06,
3368,James Morrison,2026-10-30,
3369,James Mottern,2026-08-01,
3370,James Nesbitt,2026-01-15,
3371,James Noble,2026-03-05,2026-03-28
3372,James Nunn,2026-08-05,
3373,James O'Brien,,
3374,James Patrick Stuart,2026-06-16,
3375,James Pickens Jr.,2026-10-26,
3376,James Ponsoldt,,
3377,James Ransone,2026-06-02,
3378,James Read,2026-07-31,
3379,James Robertson Justice,2026-06-15,2026-07-02
3380,James Robinson,,
3381,James Russo,2026-04-23,
3382,James Schamus,2026-09-07,
3383,James Shigeta,2026-06-17,2026-07-28
3384,James Toback,2026-11-23,
3385,James Tumminia,,
3386,James Tupper,2026-08-04,
3387,James Urbaniak,2026-09-17,
3388,James Wan,2026-02-26,
3389,James Watkins,,
3390,James Whitmore,2026-10-01,2026-02-06
3391,James Wilcox,,
3392,James With,2026-01-23,
3393,James Wolk,2026-03-22,
3394,James Wong,,
3395,Jamey Sheridan,2026-07-12,
3396,Jami Gertz,2026-10-28,
3397,Jamie Babbit,2026-11-16,
3398,Jamie Blackley,2026-07-08,
3399,Jamie Blanks,,
3400,Jamie Draven,2026-05-14,
3401,Jamie Foreman,2026-05-25,
3402,Jamie Hector,2026-10-07,
3403,Jamie Kennedy,2026-05-25,
3404,Jamie Lee Curtis,2026-11-22,
3405,Jamie Renée Smith,2026-04-10,
3406,Jamie Thraves,,
3407,Jamie Travis,2026-08-13,
3408,Jamin Winans,,
3409,Jamison Stalsworth,,
3410,Jan Cornet,2026-02-24,
3411,Jan de Bont,2026-10-22,
3412,Jan Decleir,2026-02-14,
3413,Jan Haley,,
3414,Jan Hooks,2026-04-23,2026-10-09
3415,Jan-Michael Vincent,2026-07-15,
3416,Jane Adams,2026-04-01,
3417,Jane Bradbury,,
3418,Jane Campion,2026-04-30,
3419,Jane Clark,,
3420,Jane Curtin,2026-09-06,
3421,Jane Fonda,2026-12-21,
3422,Jane Goodall,2026-04-03,
3423,Jane Krakowski,2026-10-11,
3424,Jane Wyman,2026-01-05,2026-09-10
3425,Janeane Garofalo,2026-09-28,
3426,Janel Parrish,2026-10-30,
3427,Janet Hubert,2026-01-13,
3428,Janet Jackson,2026-05-16,
3429,Janet Lee Dapper,2026-08-28,
3430,Janet Leigh,2026-07-06,2026-10-03
3431,Janet McTeer,2026-08-05,
3432,Janette Armand,2026-02-11,
3433,Janine Turner,2026-12-06,
3434,Jansen Panettiere,2026-09-25,
3435,Janusz Kaminski,2026-06-27,
3436,Jaqueline Fleming,2026-09-10,
3437,Jared Burke,2026-05-31,
3438,Jared Gilman,2026-12-28,
3439,Jared Hess,2026-07-18,
3440,Jaroslaw Boberek,2026-06-14,
3441,Jarrod Bunch,2026-08-09,
3442,Jarrod Phillips,,
3443,Jasika Nicole,,
3444,Jasmine Trinca,2026-04-24,
3445,Jason Alexander,2026-09-23,
3446,Jason Bateman,2026-01-14,
3447,Jason Beghe,2026-03-12,
3448,Jason Behr,2026-12-30,
3449,Jason Burkey,,
3450,Jason Cerbone,2026-11-02,
3451,Jason Connery,2026-01-11,
3452,Jason Cope,,
3453,Jason Cottle,,
3454,Jason Dixie,,
3455,Jason Douglas,2026-02-14,
3456,Jason Eisener,,
3457,Jason Evers,2026-01-02,2026-03-13
3458,Jason Flemyng,2026-09-25,
3459,Jason Friedberg,2026-10-13,
3460,Jason George,,
3461,Jason Gray-Stanford,2026-05-19,
3462,Jason Hawes,2026-12-27,
3463,Jason K. Wixom,,
3464,Jason Kravits,2026-05-28,
3465,Jason Lewis,,
3466,Jason London,2026-11-07,
3467,Jason Mantzoukas,2026-12-18,
3468,Jason Marsden,2026-01-03,
3469,Jason Maza,2026-04-24,
3470,Jason Mewes,2026-06-12,
3471,Jason Miller,2026-01-05,
3472,Jason Momoa,2026-08-01,
3473,Jason Moore,2026-10-22,
3474,Jason Naumann,,
3475,Jason Patric,2026-06-17,
3476,Jason Priestley,2026-08-28,
3477,Jason Reitman,2026-10-19,
3478,Jason Ritter,2026-02-17,
3479,Jason Robards,2026-07-26,2026-12-26
3480,Jason Scott Lee,2026-11-19,
3481,Jason Spevack,,
3482,Jason Statham,2026-07-26,
3483,Jason Stone,2026-11-25,
3484,Jason Stuart,2026-01-13,
3485,Jason Tobin,,
3486,Jason Trost,,
3487,Jason Weaver,2026-07-18,
3488,Jason Zada,,
3489,Jasper Cole,,
3490,Jasper Johal,,
3491,Jasper Levine,,
3492,Jaume Balagueró,2026-11-02,
3493,Jaume Collet-Serra,2026-03-23,
3494,Javed Jaffrey,2026-12-04,
3495,Javed Sheikh,2026-10-08,
3496,Javier Botet,2026-07-30,
3497,Jay Adams,,
3498,Jay Alaimo,,
3499,Jay Chandrasekhar,2026-04-09,
3500,Jay Duplass,2026-03-07,
3501,Jay Hernandez,2026-02-20,
3502,Jay Laga'aia,2026-09-10,
3503,Jay Leno,2026-04-28,
3504,Jay Levey,,
3505,Jay Mohr,2026-08-23,
3506,Jay O. Sanders,2026-04-16,
3507,Jay Oliva,,
3508,Jay Paulson,2026-05-29,
3509,Jay R. Ferguson,2026-07-25,
3510,Jay Roach,2026-06-14,
3511,Jay Russell,2026-01-10,
3512,Jaya Bhaduri,2026-04-09,
3513,Jaycee Chan,2026-12-03,
3514,Jaymes Butler,2026-11-13,
3515,Jayne Eastwood,2026-12-17,
3516,Je-kyu Kang,2026-12-23,
3517,Jean Arthur,2026-10-17,2026-06-19
3518,Jean Caffeine,,
3519,Jean Harlow,2026-03-03,2026-06-07
3520,Jean Louisa Kelly,2026-03-09,
3521,Jean Marsh,2026-07-01,
3522,Jean Peters,2026-10-15,2026-10-13
3523,Jean Pierre Bergeron,,
3524,Jean Simmons,2026-01-31,2026-01-22
3525,Jean Smart,2026-09-13,
3526,Jean Stapleton,2026-01-19,2026-05-31
3527,Jean-Baptiste Maunier,2026-12-22,
3528,Jean-Claude Dreyfus,2026-02-18,
3529,Jean-Claude Lecas,2026-05-02,
3530,Jean-Fran?ois Richet,2026-07-02,
3531,Jean-Hugues Anglade,2026-07-29,
3532,Jean-Jacques Annaud,2026-10-01,
3533,Jean-Jacques Mantello,,
3534,Jean-Louis Blondeau,,
3535,Jean-Louis Trintignant,2026-12-11,
3536,Jean-Luc Godard,2026-12-03,
3537,Jean-Marc Barr,2026-09-27,
3538,Jean-Marc Vallée,2026-03-09,
3539,Jean-Marie Poiré,2026-07-10,
3540,Jean-Paul Belmondo,2026-04-09,
3541,Jean-Paul Rappeneau,2026-04-08,
3542,Jean-Pierre Darroussin,2026-12-04,
3543,Jean-Pierre Jeunet,2026-09-03,
3544,Jean-Pierre Léaud,2026-05-28,
3545,Jeanette Branch,,
3546,Jeanne Crain,2026-05-25,2026-12-14
3547,Jeanne Moreau,2026-01-23,
3548,Jeanne Neilson,,
3549,Jeanne Tripplehorn,2026-06-10,
3550,Jeannetta Arnette,2026-07-29,
3551,Jeannot Szwarc,2026-11-21,
3552,Jeb Stuart,2026-01-21,
3553,Jed Brophy,,
3554,Jee-woon Kim,2026-05-27,
3555,Jeff Ament,2026-03-10,
3556,Jeff Anderson,2026-04-21,
3557,Jeff Bennett,2026-10-02,
3558,Jeff Bridges,2026-12-04,
3559,Jeff Burr,,
3560,Jeff Conaway,2026-10-05,2026-05-27
3561,Jeff Crook,,
3562,Jeff Delaney,,
3563,Jeff DeRocker,,
3564,Jeff Dowd,,
3565,Jeff Fahey,2026-11-29,
3566,Jeff Franklin,2026-01-21,
3567,Jeff Garlin,2026-06-05,
3568,Jeff Jacob,2026-06-27,
3569,Jeff Kanew,2026-12-16,
3570,Jeff Kober,2026-12-18,
3571,Jeff Lima,,
3572,Jeff Lowell,,
3573,Jeff Nathanson,2026-10-12,
3574,Jeff Nichols,2026-12-07,
3575,Jeff Perry,2026-08-16,
3576,Jeff Schaffer,,
3577,Jeff Seymour,,
3578,Jeff Tremaine,,
3579,Jeff Wadlow,2026-03-02,
3580,Jeffrey Combs,2026-09-09,
3581,Jeffrey DeMunn,2026-04-25,
3582,Jeffrey Dover,,
3583,Jeffrey Falcon,2026-01-01,
3584,Jeffrey Frost,,
3585,Jeffrey Garcia,2026-05-03,
3586,Jeffrey Jones,,
3587,Jeffrey Markle,,
3588,Jeffrey St. Jules,,
3589,Jeffrey W. Byrd,,
3590,Jeffrey W. Jenkins,,
3591,Jeffrey Weissman,2026-10-02,
3592,Jehane Noujaim,2026-05-17,
3593,Jelena Jovanova,2026-10-21,
3594,Jelena Nik,,
3595,Jem Cohen,,
3596,Jemima Kirke,2026-04-26,
3597,Jemima Rooper,2026-10-24,
3598,Jemima West,2026-08-11,
3599,Jemma Curran,,
3600,Jenette Goldstein,2026-02-04,
3601,Jenifer Lewis,2026-01-25,
3602,Jenna Boyd,2026-03-04,
3603,Jenna Elfman,2026-09-30,
3604,Jenna Fischer,2026-03-07,
3605,Jenni Rivera,2026-07-02,2026-12-09
3606,Jennie Jacques,2026-02-28,
3607,Jennifer Butler,2026-05-11,
3608,Jennifer Ehle,2026-12-29,
3609,Jennifer Esposito,2026-04-11,
3610,Jennifer Finnigan,2026-08-22,
3611,Jennifer Flackett,,
3612,Jennifer Freeman,2026-10-20,
3613,Jennifer Garner,2026-04-17,
3614,Jennifer Grey,2026-03-26,
3615,Jennifer Hale,2026-01-01,
3616,Jennifer Hall,2026-10-20,
3617,Jennifer Hudson,2026-09-12,
3618,Jennifer Jason Leigh,2026-02-05,
3619,Jennifer Jones,2026-12-04,
3620,Jennifer Lafleur,2026-09-08,
3621,Jennifer Landa,,
3622,Jennifer Lawrence,2026-08-15,
3623,Jennifer Lee Wiggins,,
3624,Jennifer Rubin,2026-04-03,
3625,Jennifer Saunders,2026-07-06,
3626,Jennifer Schwalbach Smith,2026-04-07,
3627,Jennifer Sky,,
3628,Jennifer Tung,2026-05-03,
3629,Jennifer Ulrich,2026-10-18,
3630,Jennifer Westfeldt,2026-02-02,
3631,Jennifer Wynne Farmer,,
3632,Jennifer Yuh Nelson,2026-05-07,
3633,Jenny Agutter,2026-12-20,
3634,Jenny McCarthy,2026-11-01,
3635,Jenny O'Hara,2026-02-24,
3636,Jenny Slate,2026-03-25,
3637,Jensen Ackles,2026-03-01,
3638,Jere Burns,2026-12-04,
3639,Jeremy Brett,2026-11-03,2026-09-12
3640,Jeremy Brock,,
3641,Jeremy Crutchley,,
3642,Jeremy Davies,2026-10-08,
3643,Jeremy Degruson,,
3644,Jeremy Howard,2026-06-12,
3645,Jeremy Irvine,,
3646,Jeremy Jordan,2026-02-20,
3647,Jeremy Kemp,2026-01-03,
3648,Jeremy Leven,,
3649,Jeremy Northam,2026-12-01,
3650,Jeremy Owen,,
3651,Jeremy Renner,2026-01-07,
3652,Jeremy Sande,,
3653,Jeremy Saulnier,2026-06-10,
3654,Jeremy Shada,2026-01-21,
3655,Jeremy Sims,2026-01-10,
3656,Jeremy W. Auman,,
3657,Jeri Ryan,2026-02-22,
3658,Jér?me Deschamps,,
3659,Jerome Elston Scott,,
3660,Jerome Robbins,2026-10-11,2026-07-29
3661,Jér?me Salle,,
3662,Jerry Belson,2026-07-08,2026-10-10
3663,Jerry Brown,,
3664,Jerry Dugan,,
3665,Jerry Ferrara,2026-11-25,
3666,Jerry Jameson,2026-11-26,
3667,Jerry Mathers,2026-06-02,
3668,Jerry Nelson,2026-07-10,2026-08-23
3669,Jerry Rees,,
3670,Jerry Stiller,2026-06-08,
3671,Jerry Zaks,2026-09-07,
3672,Jerry Zucker,2026-03-11,
3673,Jesper Christensen,2026-05-16,
3674,Jess Harnell,2026-12-23,
3675,Jess Weixler,2026-06-08,
3676,Jessalyn Gilsig,2026-11-30,
3677,Jesse Borrego,2026-08-01,
3678,Jesse Dylan,2026-01-06,
3679,Jesse Garcia,,
3680,Jesse Hutch,,
3681,Jesse James,,
3682,Jesse Jane,2026-07-10,
3683,Jesse L. Martin,2026-01-18,
3684,Jesse McCartney,2026-04-09,
3685,Jesse Moss,,
3686,Jesse Peretz,,
3687,Jesse Tyler Ferguson,2026-10-22,
3688,Jesse Vaughan,,
3689,Jesse Vint,,
3690,Jessica Barden,2026-07-21,
3691,Jessica Bendinger,2026-11-10,
3692,Jessica Bowman,2026-11-26,
3693,Jessica Capshaw,2026-08-09,
3694,Jessica Chastain,2026-03-24,
3695,Jessica Collins,2026-04-01,
3696,Jessica De Gouw,2026-02-15,
3697,Jessica Dublin,2026-07-09,2026-07-21
3698,Jessica Duffy,2026-09-08,
3699,Jessica Hecht,2026-06-28,
3700,Jessica Lindsey,2026-08-15,
3701,Jessica Lowndes,2026-11-08,
3702,Jessica Mauboy,2026-08-04,
3703,Jessica McNamee,,
3704,Jessica Paré,,
3705,Jessica Raine,,
3706,Jessica Simpson,2026-07-10,
3707,Jessica Szohr,2026-03-31,
3708,Jessica Tandy,2026-06-07,2026-09-11
3709,Jessica Walter,2026-01-31,
3710,Jessica Wesson,,
3711,Jessie Nelson,,
3712,Jessie T. Usher,2月29日,
3713,Jessika Van,2026-05-28,
3714,Jessy Schram,2026-01-15,
3715,Jessy Terrero,2026-07-03,
3716,Jesuíta Barbosa,,
3717,Jet Li,2026-04-26,
3718,Jeta Amata,,
3719,Jez Butterworth,,
3720,Ji-hyun Jun,2026-10-30,
3721,Ji-tae Yu,2026-04-13,
3722,Ji-won Ha,2026-06-28,
3723,Jiao Xu,2026-08-05,
3724,Jill Clayburgh,2026-04-30,2026-11-05
3725,Jill Flint,2026-11-25,
3726,Jill Hennessy,2026-11-25,
3727,Jill Sprecher,,
3728,Jill St. John,2026-08-19,
3729,Jill Talley,2026-12-19,
3730,Jillian Estell,,
3731,Jillian Murray,2026-06-04,
3732,Jim Abrahams,2026-05-10,
3733,Jim Amatulli,,
3734,Jim Backus,2026-02-25,2026-07-03
3735,Jim Belushi,2026-06-15,
3736,Jim Broadbent,2026-05-24,
3737,Jim Byrnes,2026-09-22,
3738,Jim Carter,2026-08-19,
3739,Jim Chuchu,,
3740,Jim Cody Williams,,
3741,Jim Fall,2026-09-19,
3742,Jim Field Smith,2026-02-20,
3743,Jim Gaffigan,2026-07-07,
3744,Jim Gillespie,,
3745,Jim Goddard,2026-02-02,2026-06-17
3746,Jim Hanon,,
3747,Jim Henson,2026-09-24,2026-05-16
3748,Jim Issa,,
3749,Jim Jarmusch,2026-01-22,
3750,Jim Meskimen,2026-09-10,
3751,Jim Mickle,,
3752,Jim Norton,2026-01-04,
3753,Jim O'Heir,2026-02-04,
3754,Jim Parrack,2026-02-08,
3755,Jim Parsons,2026-03-24,
3756,Jim Rash,2026-07-15,
3757,Jim Sheridan,2026-02-06,
3758,Jim Siedow,2026-06-12,2026-11-20
3759,Jim Sonzero,,
3760,Jim Sturgess,2026-05-16,
3761,Jim Varney,2026-06-15,2026-02-10
3762,Jimi Hendrix,2026-11-27,2026-09-18
3763,Jimi Mistry,,
3764,Jimmy Bennett,2026-02-09,
3765,Jimmy Fallon,2026-09-19,
3766,Jimmy Hayward,,
3767,Jimmy Jean-Louis,2026-08-08,
3768,Jimmy Nail,2026-03-16,
3769,Jimmy Shergill,2026-12-03,
3770,Jimmy Shubert,,
3771,Jimmy Smits,2026-07-09,
3772,Jin Akanishi,2026-07-04,
3773,Jirí Menzel,2026-02-23,
3774,Jizelle Jade,2026-03-08,
3775,JJ Feild,2026-04-01,
3776,JK Youn,,
3777,Jo Hartley,2026-03-12,
3778,Jo Prestia,2026-06-05,
3779,Joachim R?nning,2026-05-30,
3780,Joan Allen,2026-08-20,
3781,Joan Baez,2026-01-09,
3782,Joan Chen,2026-04-26,
3783,Joan Fontaine,2026-10-22,2026-12-15
3784,Joan Plowright,2026-10-28,
3785,Joan Rivers,2026-06-08,2026-09-04
3786,Joanna 'JoJo' Levesque,2026-12-20,
3787,Joanna Cassidy,2026-08-02,
3788,JoAnna Garcia Swisher,2026-08-10,
3789,Joanna Kulig,2026-06-24,
3790,Joanna Lumley,2026-05-01,
3791,Joanne Samuel,2026-08-05,
3792,Joanne Whalley,2026-08-25,
3793,Joaquim de Almeida,2026-03-15,
3794,Joaquín Cosio,,
3795,JoBeth Williams,2026-12-06,
3796,Joby Harold,,
3797,Jodi Benson,2026-10-10,
3798,Jodi Lyn O'Keefe,2026-10-10,
3799,Jodie Foster,2026-11-19,
3800,Jodie Whittaker,,
3801,Jody Hill,,
3802,Joe Armstrong,2026-10-07,
3803,Joe Berlinger,2026-10-30,
3804,Joe Bishop,2026-11-27,2026-05-12
3805,Joe Camp,2026-04-20,
3806,Joe Carnahan,2026-05-09,
3807,Joe Cassidy,,
3808,Joe Chappelle,,
3809,Joe Charbanic,,
3810,Joe Cocker,2026-05-20,2026-12-22
3811,Joe Coffey,,
3812,Joe Cole,2026-11-28,
3813,Joe Cornish,2026-12-20,
3814,Joe Cross,,
3815,Joe Dante,2026-11-28,
3816,Joe Dinicol,2026-12-22,
3817,Joe Don Baker,2026-02-12,
3818,Joe E. Brown,1892-07-28,2026-07-06
3819,Joe Egan,,
3820,Joe Estevez,2026-02-13,
3821,Joe Flaherty,2026-06-21,
3822,Joe Howard,2026-11-24,
3823,Joe Johnston,2026-05-13,
3824,Joe Kenemore,,
3825,Joe Komara,,
3826,Joe Lev,2026-02-17,
3827,Joe Lo Truglio,2026-12-02,
3828,Joe Mantegna,2026-11-13,
3829,Joe Marino,,
3830,Joe McQueen,2026-02-01,
3831,Joe Morton,2026-10-18,
3832,Joe Nussbaum,2026-01-10,
3833,Joe Ochman,2026-08-24,
3834,Joe Pingue,,
3835,Joe Pytka,2026-11-04,
3836,Joe Roth,,
3837,Joe Simpson,,
3838,Joe Spinell,2026-10-28,2026-01-13
3839,Joe Swanberg,2026-08-31,
3840,Joe Turkel,2026-07-15,
3841,Joe Viterelli,2026-03-10,2026-01-28
3842,Joe Wright,,
3843,Joel Anderson,,
3844,Joel Coen,2026-11-29,
3845,Joel Courtney,2026-01-31,
3846,Joel David Moore,2026-09-25,
3847,Joel Edgerton,2026-06-23,
3848,Joel Fuhrman,,
3849,Joel Gallen,,
3850,Joel McHale,2026-11-20,
3851,Joel Moody,,
3852,Joel Murray,,
3853,Joel Paul Reisig,2026-02-02,
3854,Joel Schumacher,2026-08-29,
3855,Joel Zwick,2026-01-11,
3856,Joely Richardson,2026-01-09,
3857,Joey D. Vieira,2026-04-08,
3858,Joey Fatone,2026-01-28,
3859,Joey Lauren Adams,2026-01-09,
3860,Joey Lawrence,2026-04-20,
3861,Joey Slotnick,2026-10-02,
3862,Joffre Soares,2026-09-21,2026-08-19
3863,Johanna Braddy,2026-08-30,
3864,Johanna M?rck,,
3865,Johanna Schwartz,,
3866,Johanna Wokalek,2026-03-03,
3867,Johannes Silberschneider,2026-12-13,
3868,John 'Bud' Cardos,,
3869,John A. Davis,,
3870,John Abraham,2026-12-17,
3871,John Amos,2026-12-27,
3872,John Amplas,2026-06-23,
3873,John Arcilla,,
3874,John Ashton,2026-02-22,
3875,John Astin,2026-03-30,
3876,John August,2026-08-04,
3877,John Aylward,2026-11-07,
3878,John Badham,2026-08-25,
3879,John Bailey,2026-08-10,
3880,John Beasley,2026-06-26,
3881,John Beck,,
3882,John Bell,,
3883,John Belushi,2026-01-24,2026-03-05
3884,John Billingsley,2026-05-20,
3885,John Blanchard,,
3886,John Bonito,,
3887,John Boorman,2026-01-18,
3888,John Boyega,2026-03-17,
3889,John Brodsky,,
3890,John Buffalo Mailer,2026-04-16,
3891,John Cameron Mitchell,2026-04-21,
3892,John Carl Buechler,,
3893,John Carney,,
3894,John Carpenter,2026-01-16,
3895,John Carradine,2026-02-05,2026-11-27
3896,John Cassavetes,2026-12-09,2026-02-03
3897,John Castle,,
3898,John Colicos,2026-12-10,2026-03-06
3899,John Considine,2026-01-02,
3900,John Cornell,,
3901,John Cothran,2026-10-31,
3902,John Cromwell,1886-12-23,2026-09-26
3903,John Crowley,,
3904,John Curran,2026-09-11,
3905,John D. Hancock,2026-02-12,
3906,John D'Leo,2026-07-08,
3907,John Dahl,,
3908,John de Lancie,2026-03-20,
3909,John DeSantis,,
3910,John Doe,2026-11-12,2026-08-27
3911,John Doman,2026-01-09,
3912,John Duigan,2026-06-19,
3913,John Eng,,
3914,John Enos III,2026-06-12,
3915,John Erick Dowdle,2026-12-21,
3916,John F. Kennedy,2026-11-10,
3917,John Fiedler,2026-02-03,2026-06-25
3918,John Ford,1894-02-01,2026-08-31
3919,John Forsythe,2026-01-29,2026-04-01
3920,John Fortenberry,,
3921,John Francis Daley,2026-07-20,
3922,John Frankenheimer,2026-02-19,2026-07-06
3923,John G. Avildsen,2026-12-21,
3924,John Gallagher Jr.,2026-06-17,
3925,John Garfield,2026-03-04,2026-05-21
3926,John Gatins,,
3927,John Gavin,2026-12-09,
3928,John Gielgud,2026-04-14,2026-05-21
3929,John Gilbert,,
3930,John Glen,2026-05-15,
3931,John Glover,2026-08-07,
3932,John Gray,,
3933,John Guillermin,2026-11-11,2026-09-27
3934,John Gulager,2026-12-19,
3935,John H. Lee,,
3936,John Hamburg,2026-05-26,
3937,John Heard,2026-03-07,
3938,John Henshaw,,
3939,John Hensley,2026-08-26,
3940,John Herzfeld,,
3941,John Hillcoat,,
3942,John Hillerman,2026-12-20,
3943,John Hodgman,,
3944,John Hoffman,,
3945,John Howard,2026-10-22,
3946,John Huston,2026-08-05,2026-08-28
3947,John Ireland,2026-01-30,2026-03-21
3948,John Jarratt,2026-08-05,
3949,John Kapelos,2026-03-08,
3950,John Karyus,2026-09-03,
3951,John Lafia,,
3952,John Laing,,
3953,John Landis,2026-08-03,
3954,John Larroquette,2026-11-25,
3955,John Lasseter,2026-01-12,
3956,John Lee Hancock,2026-12-15,
3957,John Light,2026-09-28,
3958,John Lone,2026-10-13,
3959,John Lucas,2026-05-01,2026-10-19
3960,John Luessenhop,,
3961,John Lynch,2026-08-01,
3962,John Lyons,,
3963,John Maclean,,
3964,John Macmillan,,
3965,John Madden,2026-04-10,
3966,John Mahoney,2026-06-20,
3967,John Maybury,,
3968,John McGiver,2026-11-05,2026-09-09
3969,John McGlothlin,,
3970,John McMartin,2026-08-21,2026-07-06
3971,John McNaughton,2026-01-13,
3972,John McTiernan,2026-01-08,
3973,John Meillon,2026-05-01,2026-08-10
3974,John Michael Higgins,2026-02-12,
3975,John Michael McDonagh,,
3976,John Milius,2026-04-11,
3977,John Moore,2026-01-15,
3978,John Neville,2026-05-02,2026-11-19
3979,John Newton,2026-09-26,
3980,John Ottman,2026-07-06,
3981,John Pasquin,2026-06-08,
3982,John Patrick Amedori,2026-04-20,
3983,John Patrick Shanley,2026-10-03,
3984,John Polson,2026-05-22,2026-10-12
3985,John Putch,2026-07-27,
3986,John R. Leonetti,2026-07-04,
3987,John Ralston,2026-10-09,
3988,John Randolph,2026-04-02,2026-12-23
3989,John Ratzenberger,2026-04-06,
3990,John Reardon,2026-07-08,
3991,John Reeves,,
3992,John Reinhardt,1885-03-11,
3993,John Robinson,,
3994,John Savage,2026-08-25,
3995,John Saxon,2026-08-05,
3996,John Sayles,2026-09-28,
3997,John Schlesinger,2026-02-16,2026-07-25
3998,John Schultz,,
3999,John Sessions,2026-01-11,
4000,John Simm,,
4001,John Simpson,,
4002,John Singleton,2026-01-06,
4003,John Stainton,,
4004,John Stamos,2026-08-19,
4005,John Stephenson,2026-08-09,2026-05-15
4006,John Stockwell,2026-03-25,
4007,John Sturges,2026-01-03,2026-08-18
4008,John Topor,2026-06-09,
4009,John Turturro,2026-02-28,
4010,John Vernon,2026-02-24,2026-02-01
4011,John Waters,2026-04-22,
4012,John Wells,2026-05-28,
4013,John Whitesell,,
4014,John Witherspoon,2026-01-27,
4015,John Woo,2026-09-23,
4016,John Wood,2026-07-14,
4017,Johnathan Hurley,,
4018,Johnnie To,2026-04-22,
4019,Johnnie Walker,1894-01-07,2026-12-05
4020,Johnny Amaro,,
4021,Johnny Cannizzaro,,
4022,Johnny Depp,2026-06-09,
4023,Johnny Flynn,2026-03-14,
4024,Johnny Harris,,
4025,Johnny Lever,2026-01-07,
4026,Johnny Lewis,2026-10-29,2026-09-26
4027,Johnny Messner,2026-04-11,
4028,Johnny Nguyen,,
4029,Johnny Pacar,2026-06-06,
4030,Johnny Remo,,
4031,Johnny Walter,,
4032,Johnny Whitworth,2026-10-31,
4033,Joie Lee,2026-10-31,
4034,Jon Amiel,2026-05-20,
4035,Jon Avnet,2026-11-17,
4036,Jon Brion,2026-12-11,
4037,Jon Cassar,2026-04-27,
4038,Jon Favreau,2026-10-19,
4039,Jon Foo,2026-10-30,
4040,Jon Foster,,
4041,Jon Gries,2026-06-17,
4042,Jon Gunn,2026-06-30,
4043,Jon Hamm,2026-03-10,
4044,Jon Heder,2026-10-26,
4045,Jon Hess,,
4046,Jon Hunter,,
4047,Jon Hurwitz,2026-11-15,
4048,Jon Kasdan,2026-09-30,
4049,Jon Knautz,2026-12-25,
4050,Jon Lovitz,2026-07-21,
4051,Jon Lucas,,
4052,Jon M. Chu,2026-09-21,2026-02-22
4053,Jon Mack,,
4054,Jon Osbeck,,
4055,Jon Polito,2026-12-29,2026-09-01
4056,Jon Poll,,
4057,Jon Seda,2026-10-14,
4058,Jon Shear,,
4059,Jon Stewart,2026-11-28,
4060,Jon Tenney,2026-12-16,
4061,Jon Turteltaub,2026-08-08,
4062,Jon Wright,2026-12-11,
4063,Jonah Bobo,2026-01-24,
4064,Jonas ?kerlund,2026-11-10,
4065,Jonas Elmer,2026-03-14,
4066,Jonathan Blow,,
4067,Jonathan Brandis,2026-04-13,2026-11-12
4068,Jonathan Breck,2026-02-17,
4069,Jonathan Brewer,,
4070,Jonathan Caouette,2026-11-26,
4071,Jonathan D. Mellor,,
4072,Jonathan Dayton,2026-07-07,
4073,Jonathan Demme,2026-02-22,
4074,Jonathan English,,
4075,Jonathan Frakes,2026-08-19,
4076,Jonathan Glazer,2026-03-26,
4077,Jonathan Hensleigh,2026-02-13,
4078,Jonathan Hyde,2026-05-21,
4079,Jonathan Jackson,2026-05-11,
4080,Jonathan Jakubowicz,2026-01-29,
4081,Jonathan Kaplan,2026-11-25,
4082,Jonathan Kesselman,,
4083,Jonathan Levine,,
4084,Jonathan Liebesman,2026-09-15,
4085,Jonathan Lynn,2026-04-03,
4086,Jonathan Mangum,2026-01-16,
4087,Jonathan Meyers,2026-07-27,
4088,Jonathan Morgan Heit,2026-07-16,
4089,Jonathan Mostow,2026-11-28,
4090,Jonathan Newman,2026-09-01,
4091,Jonathan Parker,,
4092,Jonathan Sadowski,2026-11-23,
4093,Jonathan Silverman,2026-08-05,
4094,Jonathan Teplitzky,,
4095,Jonathan Tucker,2026-05-31,
4096,Jonathan Wacks,,
4097,Jonathan Winters,2026-11-11,2026-04-11
4098,Jonathon Trent,2026-06-05,
4099,Jonny Weston,,
4100,Joon-ho Bong,2026-09-14,
4101,Jordan Bridges,2026-11-13,
4102,Jordan Carlos,,
4103,Jordan Lund,2026-05-07,
4104,Jordan Prentice,2026-01-30,
4105,Jordan Scovel,,
4106,Jordan Trovillion,,
4107,Jordana Brewster,2026-04-26,
4108,Jordana Spiro,2026-04-12,
4109,Jordi Moll? ,2026-07-01,
4110,Jordi Vilasuso,2026-06-15,
4111,Jorge Blanco,,
4112,Jorge Diaz,,
4113,Jorge Gaggero,,
4114,Jorge Garcia,2026-04-28,
4115,Jorge Luis Moreno,2026-12-19,
4116,Jorge R. Gutiérrez,,
4117,Jorge Ramírez Suárez,,
4118,Jorge Salinas,2026-07-27,
4119,J?rgen Langhelle,2026-08-18,
4120,Jorja Fox,2026-07-07,
4121,Jorma Taccone,2026-03-19,
4122,José Ferrer,2026-02-07,2026-01-19
4123,José Luis Valenzuela,,
4124,José Manuel Orozco Angulo,,
4125,Jose Pablo Cantillo,2026-03-30,
4126,José Padilha,2026-08-01,
4127,José Wilker,2026-08-20,2026-04-05
4128,Joseba Ugalde,,
4129,Josef Rusnak,,
4130,Joseph Campanella,2026-11-21,
4131,Joseph Cotten,2026-05-15,2026-02-06
4132,Joseph Cross,2026-05-28,
4133,Joseph Dorman,,
4134,Joseph Gilgun,2026-03-09,
4135,Joseph Gordon-Levitt,2026-02-17,
4136,Joseph Green,,
4137,Joseph Julian Soria,,
4138,Joseph Kahn,2026-10-12,
4139,Joseph Kaiser,2026-10-14,
4140,Joseph Kosinski,2026-05-03,
4141,Joseph L. Mankiewicz,2026-02-11,2026-02-05
4142,Joseph Mascolo,2026-03-13,2026-12-08
4143,Joseph Mawle,2026-03-21,
4144,Joseph Mazzella,2026-09-21,
4145,Joseph Pilato,2026-03-16,
4146,Joseph Ruben,2026-05-10,
4147,Joseph Sargent,2026-07-22,2026-12-22
4148,Joseph Sikora,,
4149,Joseph Zito,2026-05-14,
4150,Josh Boone,2026-04-05,
4151,Josh Charles,2026-09-15,
4152,Josh Gad,2026-02-23,
4153,Josh Gordon,,
4154,Josh Hamilton,2026-06-09,
4155,Josh Henderson,2026-10-25,
4156,Josh Hopkins,2026-09-12,
4157,Josh Hutcherson,2026-10-12,
4158,Josh Meyers,2026-01-08,
4159,Josh Pais,2026-06-21,
4160,Josh Robert Thompson,2026-03-11,
4161,Josh Schwartz,2026-08-06,
4162,Josh Segarra,2026-06-03,
4163,Josh Stamberg,2026-01-04,
4164,Josh Swanson,,
4165,Josh Trank,2026-02-19,
4166,Josh Wingate,,
4167,Josh Zuckerman,2026-04-01,
4168,Joshua Leonard,2026-06-17,
4169,Joshua Logan,2026-10-05,2026-07-12
4170,Joshua Marston,2026-08-13,
4171,Joshua Michael Stern,,
4172,Joshua Mikel,,
4173,Joshua Oppenheimer,2026-09-23,
4174,Joshua Ormond,,
4175,Joshua Ray Bell,2026-08-27,
4176,Joshua Seftel,2026-07-17,
4177,Joshua Tickell,,
4178,Josie Ho,2026-12-26,
4179,Josie Loren,2026-03-19,
4180,Joss Ackland,2月29日,
4181,Joss Whedon,2026-06-23,
4182,Jossara Jinaro,2026-05-25,
4183,Joy Bryant,2026-10-18,
4184,Joyce Randolph,2026-10-21,
4185,Joyce Van Patten,2026-03-09,
4186,Joyful Drake,2026-09-24,
4187,JR Bourne,2026-04-08,
4188,Jsu Garcia,2026-10-06,
4189,Juan Carlos Fresnadillo,2026-12-05,
4190,Juan Carlos Montoya,2026-10-14,
4191,Juan Fernández,2026-12-27,2026-02-03
4192,Juan José Campanella,2026-07-19,
4193,Juan Luis Galiardo,2026-03-02,2026-06-22
4194,Juan Riedinger,2026-02-27,
4195,Jud Tylor,2026-03-24,
4196,Judd Apatow,2026-12-06,
4197,Judd Hirsch,2026-03-15,
4198,Jude Ciccolella,,
4199,Judge Reinhold,2026-05-21,
4200,Judie Aronson,2026-06-07,
4201,Judith Anderson,1897-02-10,2026-01-03
4202,Judith Barsi,2026-06-06,2026-07-25
4203,Judith Chapman,2026-11-15,
4204,Judith Godrèche,2026-03-23,
4205,Judith Hill,,
4206,Judith O'Dea,2026-04-20,
4207,Judy Davis,2026-04-23,
4208,Judy Greer,2026-07-20,
4209,Judy Marte,2026-04-12,
4210,Jugal Hansraj,2026-07-26,
4211,Juhi Chawla,2026-11-13,
4212,Julene Renee,,
4213,Julia Duffy,2026-06-27,
4214,Julia Garner,,
4215,Julia Jentsch,2026-02-20,
4216,Julia Jones,2026-03-27,2026-10-09
4217,Julia Nickson,2026-09-11,
4218,Julia Ormond,2026-01-04,
4219,Julia Roberts,2026-10-28,
4220,Julia Sawalha,2026-09-09,
4221,Julia Taylor Ross,,
4222,Julian Fellowes,2026-08-17,
4223,Julian Gilbey,,
4224,Julian Glover,2026-03-27,
4225,Julian Jarrold,2026-05-15,
4226,Julian Kostov,,
4227,Julian Morris,2026-01-13,
4228,Julian Richings,2026-09-08,
4229,Julian Sands,2026-01-04,
4230,Julian Schnabel,2026-10-26,
4231,Juliane K?hler,2026-08-06,
4232,Julianna Guill,2026-07-07,
4233,Julianna Pitt,2026-05-17,
4234,Julianne Gabert,,
4235,Julie Adams,2026-10-17,
4236,Julie Anne Robinson,,
4237,Julie Benz,2026-05-01,
4238,Julie Christie,2026-04-14,
4239,Julie Davis,,
4240,Julie Dawn Cole,2026-10-26,
4241,Julie Engelbrecht,2026-06-30,
4242,Julie Gonzalo,2026-09-09,
4243,Julie Kavner,2026-09-07,
4244,Julie LeBreton,,
4245,Julie R. ?lgaard,2026-09-29,
4246,Julie Taymor,2026-12-15,
4247,Julie Walters,2026-02-22,
4248,Julie-Marie Parmentier,2026-06-13,
4249,Julien Temple,2026-11-26,
4250,Juliet Stevenson,2026-10-30,
4251,Julio DePietro,,
4252,Jun Falkenstein,2026-05-07,
4253,Jun Kunimura,2026-11-16,
4254,June Carter Cash,2026-06-23,2026-05-15
4255,June Diane Raphael,2026-01-04,
4256,June Foray,2026-09-18,
4257,June Lockhart,2026-06-25,
4258,June Squibb,2026-11-06,
4259,Jung-jae Lee,2026-03-15,
4260,Jung-min Hwang,2026-09-01,
4261,Junix Inocian,2026-03-17,2026-06-13
4262,Juraj Jakubisko,2026-04-30,
4263,Jürgen Prochnow,2026-06-10,
4264,Jurnee Smollett-Bell,2026-10-01,
4265,Justin Baldoni,2026-01-24,
4266,Justin Chadwick,2026-12-01,
4267,Justin Chambers,2026-07-11,
4268,Justin Chon,2026-05-29,
4269,Justin Dillon,,
4270,Justin Edward Seale,,
4271,Justin Gordon,,
4272,Justin Hall,,
4273,Justin Kerrigan,,
4274,Justin Kirk,2026-05-28,
4275,Justin Lin,2026-10-11,
4276,Justin Molotnikov,,
4277,Justin Paul Miller,,
4278,Justin Pierce,2026-03-21,2026-07-10
4279,Justin Rice,,
4280,Justin Theroux,2026-08-10,
4281,Justin Thomas Ostensen,,
4282,Justin Timberlake,2026-01-31,
4283,Justin Tipping,,
4284,Justin Zackham,,
4285,Justine Waddell,2026-11-04,
4286,K. King,2026-12-21,
4287,Kabir Bedi,2026-01-16,
4288,Kabir Sadanand,,
4289,Kacey Clarke,2026-01-14,
4290,Kad Merad,2026-03-27,
4291,KaDee Strickland,2026-12-14,
4292,Kaige Chen,2026-08-12,
4293,Kaitlin Olson,2026-08-18,
4294,Kaitlyn Dever,2026-12-21,
4295,Kaiwi Lyman-Mersereau,,
4296,Kali Rocha,2026-12-05,
4297,Kalim Chandler,,
4298,Kamatari Fujiwara,2026-01-15,2026-12-21
4299,Kamel Krifa,,
4300,Kamil McFadden,,
4301,Kane Hodder,2026-04-08,
4302,Kang-ho Song,2026-01-17,
4303,Kar-Wai Wong,2026-07-17,
4304,Kara Hayward,2026-11-17,
4305,Karan Brar,2026-01-18,
4306,Karan Johar,2026-05-25,
4307,Karen Alexander,,
4308,Karen Allen,2026-10-05,
4309,Karen Mok,2026-06-02,
4310,Karen Moncrieff,2026-12-20,
4311,Karen Pittman,,
4312,Karen Young,,
4313,Karey Kirkpatrick,2026-12-14,
4314,Kari J. Kramer,,
4315,Kari Matchett,2026-03-25,
4316,Kari Skogland,,
4317,Kari Wuhrer,2026-04-28,
4318,Karim A?nouz,2026-01-17,
4319,Karin Dor,2026-02-22,
4320,Karin Konoval,,
4321,Karin Viard,2026-01-24,
4322,Karisma Kapoor,2026-06-25,
4323,Karl Collins,,
4324,Karl E. Landler,2026-03-28,
4325,Karl Johnson,2026-03-01,
4326,Karl Malden,2026-03-22,2026-07-01
4327,Karl Yune,2026-04-16,
4328,Karolina Wydra,2026-03-05,
4329,Karra Elejalde,2026-10-10,
4330,Karyn Kusama,2026-03-21,
4331,Kasi Lemmons,2026-02-24,
4332,Kasia Smutniak,2026-08-13,
4333,Kassie Wesley DePaiva,2026-03-21,
4334,Kat Coiro,,
4335,Kate Ashfield,2026-05-28,
4336,Kate Barker-Froyland,,
4337,Kate Burton,2026-09-10,
4338,Kate Capshaw,2026-11-03,
4339,Kate Connor,,
4340,Kate del Castillo,2026-10-23,
4341,Kate Dickie,,
4342,Kate Dollenmayer,,
4343,Kate Flannery,2026-06-10,
4344,Kate Graham,2026-09-05,
4345,Kate Higgins,2026-08-16,
4346,Kate Luyben,2026-06-30,
4347,Kate Maberly,2026-03-14,
4348,Kate Magowan,2026-06-01,
4349,Kate McKinnon,2026-01-06,
4350,Kate Upton,2026-06-10,
4351,Kate Walsh,2026-10-13,
4352,Kate Winslet,2026-10-05,
4353,Kath Soucie,2026-11-18,
4354,Katharina Schüttler,2026-10-20,
4355,Katharine Isabelle,2026-11-02,
4356,Katharine McPhee,2026-03-25,
4357,Katharine Ross,2026-01-29,
4358,Katherine Boecher,2026-08-10,
4359,Katherine Brooks,,
4360,Katherine Dieckmann,,
4361,Katherine Helmond,2026-07-05,
4362,Katherine LaNasa,2026-12-01,
4363,Katherine McNamara,2026-11-22,
4364,Katherine Parkinson,,
4365,Katherine Waterston,2026-03-03,
4366,Kathleen Freeman,,
4367,Kathleen Kinmont,2026-02-03,
4368,Kathleen Munroe,2026-04-09,
4369,Kathleen Quinlan,2026-11-19,
4370,Kathleen Robertson,2026-07-08,
4371,Kathleen Rose Perkins,2026-11-15,
4372,Kathleen Turner,2026-06-19,
4373,Kathleen Wilhoite,2026-06-29,
4374,Kathryn Bigelow,2026-11-27,
4375,Kathryn Erbe,2026-07-05,
4376,Kathryn Joosten,2026-12-20,2026-06-02
4377,Kathryn Morris,2026-01-28,
4378,Kathy Baker,2026-06-08,
4379,Kathy Griffin,2026-11-04,
4380,Kathy Uyen,2026-04-28,
4381,Kati Outinen,2026-08-17,
4382,Katia Winter,2026-10-13,
4383,Katie Aselton,2026-10-01,
4384,Katie Leclerc,2026-11-06,
4385,Katie Lowes,,
4386,Katja von Garnier,2026-12-15,
4387,Katrina Bowden,2026-09-19,
4388,Katrina Kaif,2026-07-16,
4389,Katrina Law,2026-09-30,
4390,Katsuhiro ?tomo,2026-04-14,
4391,Katt Shea,,
4392,Katt Williams,,
4393,Katy Helvenston-Wettengal,,
4394,Katy Jurado,2026-01-16,2026-07-05
4395,Katy Mixon,2026-03-30,
4396,Kay Panabaker,2026-05-02,
4397,Kay Pollak,2026-05-21,
4398,Kayden Kross,2026-09-15,
4399,Kayla Ewell,2026-08-27,
4400,Kayla Jackson,,
4401,Kayla Raparelli,,
4402,Kaylee DeFer,2026-09-23,
4403,Kayvan Novak,2026-11-23,
4404,Kazunari Ninomiya,2026-06-17,
4405,Keanu Reeves,2026-09-02,
4406,Keegan Connor Tracy,2026-12-03,
4407,Keegan-Michael Key,2026-03-22,
4408,Keeley Hawes,2026-02-10,
4409,Keenan Tracey,,
4410,Keenan Wynn,2026-07-27,2026-10-14
4411,Keenen Ivory Wayans,2026-06-08,
4412,Keir Dullea,2026-05-30,
4413,Keir O'Donnell,2026-11-08,
4414,Keisha Castle-Hughes,2026-03-24,
4415,Keith Allen,2026-09-02,
4416,Keith Carradine,2026-08-08,
4417,Keith Gordon,2026-05-26,2026-09-10
4418,Keith Hudson,,
4419,Keith Parmer,,
4420,Keith Richards,2026-12-18,
4421,Kel O'Neill,,
4422,Kelen Coleman,,
4423,Kelli Barrett,2026-01-26,
4424,Kelli Garner,2026-04-11,
4425,Kelli Williams,2026-06-08,
4426,Kellie Martin,2026-10-16,
4427,Kelly Asbury,2026-01-15,
4428,Kelly Brook,2026-11-23,
4429,Kelly Carlson,2026-02-17,
4430,Kelly Clarkson,2026-04-24,
4431,Kelly Jo Minter,2026-09-24,
4432,Kelly Keaton,,
4433,Kelly LeBrock,2026-03-24,
4434,Kelly Lin,2026-10-29,
4435,Kelly Lynch,2026-01-31,
4436,Kelly Macdonald,2026-02-23,
4437,Kelly Makin,,
4438,Kelly Paterniti,2026-12-06,
4439,Kelly Preston,2026-10-13,
4440,Kelly Reichardt,,
4441,Kelly Reno,2026-06-19,
4442,Kelly Ripa,2026-10-02,
4443,Kelly Rowan,2026-10-26,
4444,Kelly Rutherford,2026-11-06,
4445,Kelsey Grammer,2026-02-21,
4446,Kelvin Han Yee,,
4447,Ken Annakin,2026-08-10,2026-04-22
4448,Ken Arnold,,
4449,Ken Bevel,,
4450,Ken Burns,2026-07-29,
4451,Ken Davis,,
4452,Ken Davitian,2026-06-19,
4453,Ken Del Conte,2026-11-02,
4454,Ken Foree,2月29日,
4455,Ken Howard,2026-03-28,2026-03-23
4456,Ken Kwapis,2026-08-17,
4457,Ken Leung,2026-01-21,
4458,Ken Loach,2026-06-17,
4459,Ken Marino,2026-12-19,
4460,Ken Roht,,
4461,Ken Sansom,2026-04-02,2026-10-08
4462,Ken Scott,,
4463,Ken Shapiro,,
4464,Ken Siu,,
4465,Ken Takakura,2026-02-16,2026-11-10
4466,Kenan Thompson,2026-05-10,
4467,Kendrick Cross,2026-05-01,
4468,Kendyl Joi,,
4469,Kenneth Branagh,2026-12-10,
4470,Kenneth Colley,2026-12-07,
4471,Kenneth Cranham,2026-12-12,
4472,Kenneth Johnson,,
4473,Kenneth Lonergan,2026-10-16,
4474,Kenneth Mars,2026-04-04,2026-02-12
4475,Kenneth Mitchell,,
4476,Kenneth Nkosi,,
4477,Kenneth Tobey,2026-03-23,2026-12-22
4478,Kenneth Williams,2026-11-22,
4479,Kenny Baker,2026-07-30,
4480,Kenny Johnston,2026-08-07,
4481,Kenny Ortega,2026-04-18,
4482,Kent Alterman,,
4483,Kent McCord,2026-09-26,
4484,Keram Malicki-Sánchez,2026-05-14,
4485,Keri Lynn Pratt,2026-09-23,
4486,Keri Maletto,2026-12-26,
4487,Kerr Smith,2026-03-09,
4488,Kerry Bishé,,
4489,Kerry Cahill,,
4490,Kerry Condon,2026-01-04,
4491,Kerry Conran,2026-11-06,
4492,Keshia Knight Pulliam,2026-04-09,
4493,Kesun Loder,2026-05-22,
4494,Kevin Alejandro,2026-04-07,
4495,Kevin Allen,2026-09-15,
4496,Kevin Bray,2026-08-19,
4497,Kevin Breznahan,2026-11-24,
4498,Kevin Brodie,2026-05-31,
4499,Kevin Brown,,
4500,Kevin Carraway,,
4501,Kevin Chamberlin,2026-11-25,
4502,Kevin Clash,2026-09-17,
4503,Kevin Connolly,2026-03-05,
4504,Kevin Corrigan,2026-03-27,
4505,Kevin Costner,2026-01-18,
4506,Kevin Dillon,2026-08-19,
4507,Kevin Donovan,,
4508,Kevin Dunn,2026-08-24,
4509,Kevin G. Schmidt,2026-08-16,
4510,Kevin Gage,2026-05-26,
4511,Kevin Greutert,2026-03-31,
4512,Kevin Grevioux,2026-09-09,
4513,Kevin Hamedani,2026-12-25,
4514,Kevin Hooks,2026-09-19,
4515,Kevin Howarth,,
4516,Kevin J. O'Connor,,
4517,Kevin Jordan,,
4518,Kevin Leslie,,
4519,Kevin Lima,,
4520,Kevin Macdonald,2026-05-16,
4521,Kevin McCarthy,,
4522,Kevin McGowan,,
4523,Kevin McHale,2026-06-14,
4524,Kevin McNally,2026-04-27,
4525,Kevin Michael Richardson,2026-10-25,
4526,Kevin Munroe,,
4527,Kevin Nash,2026-07-09,
4528,Kevin Nealon,2026-11-18,
4529,Kevin P. Farley,2026-06-08,
4530,Kevin Peter Hall,2026-05-09,2026-04-10
4531,Kevin Pollak,2026-10-30,
4532,Kevin Rahm,2026-01-07,
4533,Kevin Rankin,2026-04-18,
4534,Kevin Reynolds,2026-01-17,
4535,Kevin Rodney Sullivan,2026-08-03,
4536,Kevin Scott Richardson,2026-10-03,
4537,Kevin Smith,2026-08-02,
4538,Kevin Spacey,2026-07-26,
4539,Kevin Sussman,2026-12-04,
4540,Kevin Tancharoen,2026-04-23,
4541,Kevin Tenney,2026-10-16,
4542,Kevin Tighe,2026-08-13,
4543,Kevin Williamson,2026-03-14,
4544,Kevin Zegers,2026-09-19,
4545,Kevork Malikyan,2026-06-02,
4546,Khaira Arby,,
4547,Khalid Abdalla,2026-12-30,
4548,Khalid Mohamed,,
4549,Khalil Sullins,,
4550,Khamani Griffin,2026-08-01,
4551,Khandi Alexander,2026-09-04,
4552,Khulan Chuluun,2026-05-30,
4553,Khyentse Norbu,,
4554,Ki Hong Lee,,
4555,Kick Gurry,2026-05-25,
4556,Kief Davidson,2026-05-12,
4557,Kieran Culkin,2026-09-30,
4558,Kiernan Shipka,2026-11-10,
4559,Kiersey Clemons,2026-12-17,
4560,Kieu Chinh,,
4561,Kim Chan,2026-12-28,2026-10-05
4562,Kim Darby,2026-07-08,
4563,Kim De Angelo,,
4564,Kim Delaney,2026-11-29,
4565,Kim Dickens,2026-06-18,
4566,Kim Director,2026-11-13,
4567,Kim Farrant,,
4568,Kim Hunter,2026-06-15,
4569,Kim Ly,,
4570,Kim Nguyen,,
4571,Kim Shaw,,
4572,Kim Thomson,,
4573,Kim-Marie Woodhouse,,
4574,Kimberley Crossman,2026-05-24,
4575,Kimberly Beck,2026-01-09,
4576,Kimberly Elise,2026-04-17,
4577,Kimberly J. Brown,,
4578,Kimberly Peirce,2026-09-08,
4579,Kimberly Williams-Paisley,2026-09-14,
4580,Kimble Rendall,,
4581,King Vidor,1894-02-08,2026-11-01
4582,Kinka Usher,,
4583,Kiowa Gordon,2026-03-25,
4584,Kip Pardue,2026-09-23,
4585,Kira McLean,,
4586,Kiran Shah,2026-09-28,
4587,Kirby Bliss Blanton,2026-10-24,
4588,Kirby Heyborne,,
4589,Kirk Baltz,2026-09-14,
4590,Kirk Cameron,2026-10-12,
4591,Kirk De Micco,,
4592,Kirk Fox,2026-08-26,
4593,Kirk Jones,2026-10-31,
4594,Kirk Loudon,,
4595,Kirk Wong,,
4596,Kirpatrick Thomas,,
4597,Kirsten Collins,,
4598,Kirsten Day,,
4599,Kirsten Dunst,2026-04-30,
4600,Kirsten Sheridan,2026-07-14,
4601,Kirstie Alley,2026-01-12,
4602,Kiyoshi Kurosawa,2026-07-19,
4603,Kjell Nilsson,,
4604,Klaus Kinski,2026-10-18,2026-11-23
4605,Klaus Maria Brandauer,2026-06-22,
4606,Klaus Menzel,,
4607,Kodi Smit-McPhee,2026-06-13,
4608,K?ji Yakusho,2026-01-01,
4609,Konstantin Khabenskiy,2026-01-11,
4610,Konstantin Lavronenko,2026-04-20,
4611,Kostja Ullmann,2026-05-30,
4612,Kris Isacsson,,
4613,Kris Marshall,2026-04-01,
4614,Kris Sommerville,,
4615,Krista Allen,2026-04-05,
4616,Kristen Cloke,2026-09-02,
4617,Kristen Connolly,2026-07-12,
4618,Kristen Johnston,2026-09-20,
4619,Kristen Quintrall,,
4620,Kristen Seavey,,
4621,Kristen Stewart,2026-04-09,
4622,Kristi Clainos,2026-07-12,
4623,Kristian Bruun,,
4624,Kristin Booth,2026-08-28,
4625,Kristin Davis,2026-02-23,
4626,Kristin Lehman,2026-05-03,
4627,Kristin Rizzo,,
4628,Kristin Scott Thomas,2026-05-24,
4629,Kristoffer Polaha,2026-02-18,
4630,Kristy Swanson,2026-12-19,
4631,Kriv Stenders,,
4632,Krysta Rodriguez,2026-07-23,
4633,Kumar Gaurav,2026-07-11,
4634,Kundan Shah,2026-10-19,
4635,Kunihiko Yuyama,2026-10-15,
4636,Kuno Becker,2026-01-14,
4637,Kurt Angle,2026-12-09,
4638,Kurt Fuller,2026-09-16,
4639,Kurt Hale,,
4640,Kurt Loder,2026-05-05,
4641,Kurt Voss,2026-09-16,
4642,Kurt Wimmer,,
4643,Kurtwood Smith,2026-07-03,
4644,Kwesi Ameyaw,2026-08-24,
4645,Kwok-Kwan Chan,2026-08-01,
4646,Kyla Pratt,2026-09-16,
4647,Kyla Wise,,
4648,Kyle Balda,2026-03-09,
4649,Kyle Gass,2026-07-14,
4650,Kyle Hebert,2026-06-14,
4651,Kyle Schmid,2026-08-03,
4652,Kylie Bunbury,2026-01-30,
4653,Kylie Minogue,2026-05-28,
4654,Kyra Nichols,,
4655,Kyra Sedgwick,2026-08-19,
4656,Kyung-gu Sol,2026-05-01,
4657,L.Q. Jones,2026-03-14,
4658,La'Princess Jackson,,
4659,Laila Haley,,
4660,Lainie Kazan,2026-05-15,
4661,Laird John Hamilton,2026-03-02,
4662,Lajos Koltai,2026-04-02,
4663,Lalaine,2026-06-03,
4664,Lambert Wilson,2026-08-03,
4665,Lamman Rucker,2026-10-06,
4666,Lana Wachowski,2026-06-21,
4667,Lance Gross,2026-07-08,
4668,Lance Hool,2026-05-11,
4669,Lance Kawas,,
4670,Lance McDaniel,,
4671,Lance Mungia,,
4672,Lance Rivera,,
4673,Landon Liboiron,,
4674,Lane Smith,2026-04-29,2026-06-13
4675,Lara Flynn Boyle,2026-03-24,
4676,Lara Jean Chorostecki,2026-09-24,
4677,Lara Jill Miller,2026-04-20,
4678,Lara Pulver,2026-09-01,
4679,Laraine Day,2026-10-13,2026-11-10
4680,Larenz Tate,2026-09-08,
4681,Lark Voorhies,2026-03-25,
4682,Larry Bagby,2026-03-07,
4683,Larry Blamire,,
4684,Larry Charles,2026-12-01,
4685,Larry Clark,2026-01-19,
4686,Larry David,2026-07-02,
4687,Larry Drake,2026-02-21,2026-03-17
4688,Larry Fessenden,2026-03-23,
4689,Larry Hankin,2026-08-31,
4690,Larry Joe Campbell,2026-11-29,
4691,Larry King,2026-11-19,
4692,Larry Miller,2026-10-15,
4693,Larry Mullen Jr.,2026-10-31,
4694,Larry Poindexter,2026-12-16,
4695,Larry the Cable Guy,2026-02-17,
4696,Lars Mikkelsen,2026-05-06,
4697,Lars Ulrich,2026-12-26,
4698,Lars von Trier,2026-04-30,
4699,Laslo Benedek,2026-03-05,2026-03-11
4700,Lasse Hallstr?m,2026-06-02,
4701,Lateef Crowder,2026-11-23,
4702,Laura Breckenridge,2026-08-22,
4703,Laura Brent,,
4704,Laura Flanders,2026-12-05,
4705,Laura Fraser,2026-07-24,
4706,Laura Harring,2026-03-03,
4707,Laura Harris,,
4708,Laura Morante,2026-08-21,
4709,Laura Ramsey,2026-11-14,
4710,Laura San Giacomo,2026-11-14,
4711,Laura Spencer,2026-06-19,
4712,Laura-Leigh,,
4713,Laurel Holloman,2026-05-23,
4714,Lauren Ambrose,2026-02-20,
4715,Lauren C. Mayhew,2026-11-27,
4716,Lauren Cohan,2026-01-07,
4717,Lauren German,2026-11-29,
4718,Lauren Gottlieb,,
4719,Lauren Holly,2026-10-28,
4720,Lauren Lazin,,
4721,Lauren Lee Smith,2026-06-19,
4722,Lauren London,2026-12-05,
4723,Lauren Sweetser,2026-02-11,
4724,Laurence Dunmore,,
4725,Laurence Fox,2026-05-26,
4726,Laurence Olivier,2026-05-22,2026-07-11
4727,Laurent Bouhnik,2026-04-07,
4728,Laurent Cantet,2026-06-15,
4729,Laurent Poitrenaux,,
4730,Laurent Tirard,,
4731,Laurie Collyer,,
4732,Laurie Metcalf,2026-06-16,
4733,Lauryn Hill,2026-05-26,
4734,Lawrence Gilliard Jr.,2026-09-22,
4735,Lawrence Guterman,,
4736,Lawrence Kasanoff,2026-06-01,
4737,Lawrence Kasdan,2026-01-14,
4738,Laz Alonso,2026-03-25,
4739,Léa Drucker,2026-01-23,
4740,Lea Michele,2026-08-29,
4741,Léa Pool,,
4742,Lea Thompson,2026-05-31,
4743,Leah Remini,2026-06-15,
4744,Lee Arenberg,2026-07-18,
4745,Lee Armstrong,,
4746,Lee Daniels,2026-12-24,
4747,Lee Evans,2026-02-25,
4748,Lee Ingleby,2026-01-28,
4749,Lee J. Cobb,2026-12-08,2026-02-11
4750,Lee Majors,2026-04-23,
4751,Lee Marvin,2026-02-19,2026-08-29
4752,Lee Norris,2026-04-19,
4753,Lee Remick,2026-12-14,2026-07-02
4754,Lee Scott,,
4755,Lee Tamahori,2026-04-22,
4756,Lee Tergesen,2026-07-08,
4757,Lee Toland Krieger,,
4758,Lee Unkrich,2026-08-08,
4759,Lee Ving,,
4760,Leehom Wang,2026-05-17,
4761,Leigh Whannell,2026-01-17,
4762,Leighton Meester,2026-04-09,
4763,Leila Arcieri,2026-12-18,
4764,Leila Hatami,2026-10-01,
4765,Lela Rochon,2026-04-17,
4766,Leland Orser,2026-08-06,
4767,Leleti Khumalo,2026-03-30,
4768,Lemmy,2026-12-24,2026-12-28
4769,Len Cariou,2026-09-30,
4770,Len Wiseman,2026-03-04,
4771,Lena Dunham,2026-05-13,
4772,Lena Endre,2026-07-08,
4773,Lena Horne,2026-06-30,2026-05-09
4774,Lena Olin,2026-03-22,
4775,Lenny Abrahamson,2026-11-30,
4776,Lenny Venito,,
4777,Lenore Zann,2026-11-22,
4778,Leo Fitzpatrick,2026-08-10,
4779,Leo G. Carroll,1886-10-25,2026-10-16
4780,Leo Howard,,
4781,Leo McKern,2026-03-16,2026-07-23
4782,Leo Rossi,2026-06-26,
4783,Leon,2026-03-08,
4784,Leon Ford,,
4785,Leon Ichaso,2026-08-03,
4786,Leon Isaac Kennedy,2026-01-01,
4787,Leon Rippy,2026-10-30,
4788,Léon Schwartzenberg,,
4789,Leonard Farlinger,,
4790,Leonard Nimoy,2026-03-26,2026-02-27
4791,Leonard Roberts,2026-02-28,
4792,Leonardo DiCaprio,2026-11-11,
4793,Leonid Yarmolnik,2026-01-22,
4794,Leonie Benesch,2026-04-22,
4795,Leonor Varela,2026-12-29,
4796,Leonor Watling,2026-07-28,
4797,Leopold Stokowski,1882-04-18,2026-09-13
4798,Leos Carax,2026-11-22,
4799,Les Mayfield,,
4800,Lesley Ann Warren,2026-08-16,
4801,Lesley Manville,2026-03-12,
4802,Lesley Sharp,2026-04-03,
4803,Lesley-Anne Down,2026-03-17,
4804,Leslie Bibb,2026-11-17,
4805,Leslie Carlson,2026-02-24,2026-05-03
4806,Leslie Caron,2026-07-01,
4807,Leslie H. Martinson,2026-01-16,2026-09-03
4808,Leslie Hope,2026-05-06,
4809,Leslie Jordan,2026-04-29,
4810,Leslie Small,,
4811,Leslye Headland,2026-11-26,
4812,Lester Speight,2026-01-07,
4813,Leticia Brédice,2026-08-26,
4814,Levan Gabriadze,2026-11-16,
4815,LeVar Burton,2026-02-16,
4816,Leven Rambin,2026-05-17,
4817,Levon Helm,2026-05-26,2026-04-19
4818,Lew Temple,2026-10-02,
4819,Lewis Gilbert,2026-06-06,2026-10-31
4820,Lex Barker,,
4821,Lex Shrapnel,2026-10-06,
4822,Lexa Doig,2026-06-08,
4823,Lexi Alexander,2026-08-23,
4824,Lexie Contursi,2026-09-18,
4825,Lhakpa Dorji,,
4826,Li Gong,2026-12-31,
4827,Li Jun Li,,
4828,Li Zhang,,
4829,Lia Tucker,,
4830,Liam Aiken,2026-01-07,
4831,Liam James,2026-09-21,
4832,Liam Neeson,2026-06-07,
4833,Liane Balaban,2026-06-24,
4834,Libby Villari,,
4835,Lijun Sun,,
4836,Lil' Wayne,2026-09-27,
4837,Lila Kedrova,2026-10-09,2026-02-16
4838,Lili Taylor,2026-02-20,
4839,Liliana Cavani,2026-01-12,
4840,Lillete Dubey,2026-05-13,
4841,Lilli Lavine,,
4842,Lillian Adams,2026-05-13,2026-05-25
4843,Lillian Gish,1893-10-14,2026-02-27
4844,Lillo Brancato,2026-03-30,
4845,Lily Atkinson,,
4846,Lily Cole,2026-12-27,
4847,Lily James,2026-04-05,
4848,Lily Rabe,2026-06-29,
4849,Lily Tomlin,2026-09-01,
4850,Lin Shaye,2026-10-12,
4851,Lina Esco,2026-05-14,
4852,Lincoln Hoppe,2026-06-05,
4853,Linda Blair,2026-01-22,
4854,Linda Cardellini,2026-06-25,
4855,Linda Fiorentino,2026-03-09,
4856,Linda Harrison,2026-07-26,
4857,Linda Kozlowski,2026-01-07,
4858,Linda Lovelace,2026-01-10,2026-04-22
4859,Linda Mendoza,,
4860,Linden Ashby,2026-05-23,
4861,Lindsay Duncan,2026-11-07,
4862,Lindsay Felton,2026-12-04,
4863,Lindsay Kay Hayward,2026-07-28,
4864,Lindsay MacDonald,2026-09-22,
4865,Lindsay Price,2026-12-06,
4866,Lindsay Sloane,2026-08-08,
4867,Lindsay Wagner,2026-06-22,
4868,Lindsey Haun,2026-11-21,
4869,Lindy Booth,2026-04-02,
4870,Linnea Quigley,2026-05-27,
4871,Lino Facioli,2026-07-29,
4872,Linus Roache,2026-02-01,
4873,Lionel Abelanski,2026-10-22,
4874,Lionel Barrymore,1878-04-28,2026-11-15
4875,Lionel C. Martin,,
4876,Lior Ashkenazi,,
4877,Lisa Ann,2026-05-09,
4878,Lisa Ann Walter,2026-08-03,
4879,Lisa Arnold,,
4880,Lisa Azuelos,2026-11-06,
4881,Lisa Bonet,2026-11-16,
4882,Lisa Brave,,
4883,Lisa Cholodenko,2026-06-05,
4884,Lisa Edelstein,2026-05-21,
4885,Lisa Gaye,2026-03-25,
4886,Lisa Kay,2026-02-11,
4887,Lisa Ortiz,2026-12-11,
4888,Lisa Pelikan,2026-07-12,
4889,Lisa Ray,2026-04-04,
4890,Lisa Wilcox,2026-04-27,
4891,LisaGay Hamilton,2026-03-25,
4892,Lisanne Pajot,,
4893,LisaRaye McCoy,2026-09-23,
4894,Liv Ullmann,2026-12-16,
4895,Livingston Oden,,
4896,Livvy Stubenrauch,,
4897,Liya Kebede,2026-03-01,
4898,Liz Friedlander,,
4899,Liz Mullane,,
4900,Liza Lapira,,
4901,Liza Minnelli,2026-03-12,
4902,Lizzie Brocheré,2026-03-22,
4903,Ljubomir Kerekes,2026-01-16,
4904,LL Cool J,2026-01-14,
4905,Lloyd Avery II,2026-06-21,2026-09-04
4906,Lloyd Bacon,1889-12-04,2026-11-15
4907,Lloyd Bridges,2026-01-15,2026-03-10
4908,Lloyd Kaufman,2026-12-30,
4909,Lluís Quílez,2026-12-08,
4910,Loanne Bishop,2026-11-10,
4911,Lobo Sebastian,,
4912,Lochlyn Munro,2026-02-12,
4913,Logan Browning,2026-06-09,
4914,Logan Lerman,2026-01-19,
4915,Lois Chiles,2026-04-15,
4916,Lois Maxwell,2026-02-14,2026-09-29
4917,Lois Smith,2026-11-03,
4918,Lola Due?as,2026-10-06,
4919,Lola Glaudini,2026-11-24,
4920,Lolita Davidovich,2026-07-15,
4921,Lon Chaney Jr.,2026-02-10,2026-07-12
4922,Lone Scherfig,2026-05-02,
4923,Long Nguyen,,
4924,Lorelei Linklater,2026-05-29,
4925,Lorene Scafaria,,
4926,Loretta Devine,2026-08-21,
4927,Lori Petty,2026-10-14,
4928,Lori Silverbush,,
4929,Lori Singer,2026-11-06,
4930,Lorna Raver,2026-10-09,
4931,Lorne Cardinal,,
4932,Lorraine Bracco,2026-10-02,
4933,Lorraine Stanley,2026-06-28,
4934,Lorraine Toussaint,2026-04-04,
4935,Lorraine Ziff,,
4936,Lotte Verbeek,2026-06-24,
4937,Lou Adler,2026-12-13,
4938,Lou Perryman,2026-08-15,2026-04-01
4939,Lou Romano,2026-04-15,
4940,Lou Saliba,,
4941,Lou Taylor Pucci,2026-07-27,
4942,Louis C.K.,2026-09-12,
4943,Louis Ferreira,2026-02-20,
4944,Louis Herthum,2026-07-05,
4945,Louis Jourdan,2026-06-19,2026-02-14
4946,Louis Koo,2026-10-21,
4947,Louis Leterrier,2026-06-17,
4948,Louis Lombardi,,
4949,Louis Mandylor,2026-09-13,
4950,Louis Morneau,,
4951,Louis Mustillo,2026-05-28,
4952,Louis Ozawa Changchien,,
4953,Louis Walsh,2026-08-05,
4954,Louisa Milwood-Haigh,,
4955,Louise Beavers,2026-03-08,2026-10-26
4956,Louise Bourgoin,2026-11-28,
4957,Louise Brealey,2026-03-27,
4958,Louise Brooks,2026-10-23,2026-09-02
4959,Louise Fletcher,2026-07-22,
4960,Louise Lasser,2026-04-11,
4961,Louise Sorel,2026-08-06,
4962,Lowell Sherman,1888-10-11,2026-12-28
4963,Lubna Azabal,,
4964,Luc Besson,2026-03-18,
4965,Luc Jacquet,2026-12-05,
4966,Luca Guadagnino,,
4967,Lucas Bryant,2026-09-28,
4968,Lucas Grabeel,2026-11-23,
4969,Lucile Hadzihalilovic,2026-05-07,
4970,Lucille Ball,2026-08-06,2026-04-26
4971,Lucille La Verne,1872-11-07,2026-03-04
4972,Lucio Fulci,2026-06-17,2026-03-13
4973,Lucky McKee,2026-11-01,
4974,Lucrecia Martel,2026-12-14,
4975,Lucy,2026-08-06,2026-04-26
4976,Lucy Boynton,,
4977,Lucy Fry,,
4978,Lucy Gaskell,2026-07-10,
4979,Lucy Gordon,2026-05-22,2026-05-20
4980,Ludger Pistor,2026-03-16,
4981,Ludivine Sagnier,2026-07-03,
4982,Luenell,2026-03-12,
4983,Luigi Pistilli,2026-07-19,2026-04-21
4984,Luis Antonio,2026-02-25,
4985,Luis E. Carazo,,
4986,Luis Llosa,,
4987,Luis Mandoki,,
4988,Luis Miranda,2026-12-15,
4989,Luis Rosado,,
4990,Luis Sanchez,2026-02-02,
4991,Luis Tosar,2026-10-13,
4992,Luis Valdez,2026-06-26,
4993,Luisa D'Oliveira,2026-10-06,
4994,Luisa Ranieri,2026-12-16,
4995,Lukas Haas,2026-04-16,
4996,Lukas Moodysson,2026-01-17,
4997,Luke Benward,2026-05-12,
4998,Luke Bracey,,
4999,Luke Dye,,
5000,Luke Edwards,2026-03-24,
5001,Luke Ford,2026-03-26,
5002,Luke Greenfield,2026-02-05,
5003,Luke Grimes,2026-01-21,
5004,Luke Kirby,2026-06-21,
5005,Luke Mably,2026-03-01,
5006,Luke Newberry,2026-02-19,
5007,Luke Perry,2026-10-11,
5008,Luke Treadaway,2026-09-10,
5009,Lumi Cavazos,2026-12-21,
5010,Lunetta Savino,2026-11-02,
5011,Lupe Ontiveros,2026-09-17,2026-07-26
5012,Lusia Strus,,
5013,Lydia Hearst,2026-09-19,
5014,Lydia Wilson,,
5015,Lymari Nadal,2026-02-11,
5016,Lynda Boyd,2026-01-28,
5017,Lynn Cohen,2026-08-10,
5018,Lynn Hung,2026-04-10,
5019,Lynn Redgrave,2026-03-08,2026-05-02
5020,Lynn Shelton,,
5021,Lynn Whitfield,2026-05-06,
5022,Lynne Ramsay,2026-12-05,
5023,Lynne Thigpen,2026-12-22,2026-03-12
5024,Lysette Anthony,2026-09-26,
5025,Lyubov Agapova,,
5026,M. Emmet Walsh,2026-03-22,
5027,M. Night Shyamalan,2026-08-06,
5028,M.C. Gainey,2026-01-18,
5029,Mabel Cheung,2026-11-17,
5030,Mabrouk El Mechri,,
5031,Mac McDonald,2026-06-18,
5032,Macaulay Culkin,2026-08-26,
5033,Macha Méril,,
5034,Mackenzie Aladjem,,
5035,Mackenzie Crook,2026-09-29,
5036,Mackenzie Davis,2026-04-01,
5037,Mackenzie Foy,2026-11-10,
5038,Mackenzie Gray,2026-11-22,
5039,Mackenzie Phillips,2026-11-10,
5040,Madeleine Albright,2026-05-15,
5041,Madeline Carroll,2026-03-18,
5042,Madeline Kahn,2026-09-29,2026-12-03
5043,Madhavan,2026-06-01,
5044,Madhuri Dixit,2026-05-15,
5045,Madison Davenport,2026-11-22,
5046,Madison Lintz,,
5047,Madison McKinley,,
5048,Madison Pettis,2026-07-22,
5049,Madison Rothschild,,
5050,Mae Marsh,1894-11-09,2026-02-13
5051,Mae West,1893-08-17,2026-11-22
5052,Maeve Dermody,2026-11-02,
5053,Magda Apanowicz,2026-11-08,
5054,Magda Szubanski,2026-04-12,
5055,Maggie Carey,,
5056,Maggie Cheung,2026-09-20,
5057,Maggie Greenwald,2026-06-23,
5058,Maggie Siff,2026-06-21,
5059,Maggie Wheeler,2026-08-07,
5060,Magi Avila,,
5061,Mahadeo Shivraj,,
5062,Mai Charoenpura,2026-01-05,
5063,Maia Morgenstern,2026-05-01,
5064,Maika Monroe,2026-05-29,
5065,Maile Flanagan,2026-05-19,
5066,Ma?wenn,2026-04-17,
5067,Majid Majidi,,
5068,Mako,2026-10-25,
5069,Maksim Fadeev,2026-05-06,
5070,Malcolm D. Lee,2026-01-11,
5071,Malcolm Goodwin,,
5072,Malese Jow,2026-02-18,
5073,Malik Yoba,2026-09-17,
5074,Malika,,
5075,Malone Thomas,,
5076,Malonn Lévana,,
5077,Mamoru Hosoda,2026-09-19,
5078,Man Li,2026-01-14,
5079,Mandy Gonzalez,,
5080,Mani Bharathi,,
5081,Manish Dayal,2026-06-17,
5082,Manny Perez,2026-05-05,
5083,Manoj Bajpayee,2026-04-23,
5084,M?ns M?rlind,2026-07-29,
5085,Manuela Velasco,2026-10-23,
5086,Mara Wilson,,
5087,Marama Corlett,,
5088,Marc Abraham,,
5089,Marc Anthony,2026-11-03,
5090,Marc Bennett,,
5091,Marc Blucas,2026-01-11,
5092,Marc Donato,2026-01-25,
5093,Marc F. Adler,,
5094,Marc Forby,2026-06-02,
5095,Marc Forster,2026-11-30,
5096,Marc John Jefferies,2026-05-16,
5097,Marc Lawrence,2026-07-19,2026-08-28
5098,Marc Levin,,
5099,Marc Macaulay,2026-10-13,
5100,Marc Sch?lermann,2026-10-14,
5101,Marc Singer,,
5102,Marc Trottier,2026-05-22,
5103,Marc Webb,2026-08-31,
5104,Marcel Iures,2026-08-02,
5105,Marcela Mar,2026-07-05,
5106,Marcell Nagy,,
5107,Marcella Lentz-Pope,,
5108,Marcello Mastroianni,2026-09-28,2026-12-19
5109,Marcia DeBonis,2026-06-04,
5110,Marcia Wallace,2026-11-01,2026-10-25
5111,Marcio Garcia,2026-04-17,
5112,Marco Hofschneider,2026-10-18,
5113,Marco Kreuzpaintner,2026-03-11,
5114,Marco Schnabel,,
5115,Marco St. John,2026-05-07,
5116,Marco Trevi?o,,
5117,Marcos Siega,2026-06-08,
5118,Marcus Chong,2026-07-08,
5119,Marcus Dunstan,,
5120,Marcus Lyle Brown,2026-12-26,
5121,Marcus Nispel,2026-05-26,
5122,Marcus Raboy,2026-11-30,
5123,Mare Winningham,2026-05-16,
5124,Marg Helgenberger,2026-11-16,
5125,Margaret Cho,2026-12-05,
5126,Margaret Hamilton,2026-12-09,2026-05-16
5127,Margaret Tracey,,
5128,Margarita Levieva,2026-02-09,
5129,Margo Harshman,2026-03-04,
5130,Margot Kidder,2026-10-17,
5131,Mari Koda,2026-08-03,
5132,María Alche,2026-04-23,
5133,María Aura,,
5134,María Botto,2026-02-10,
5135,Maria Canals-Barrera,2026-09-28,
5136,Maria Conchita Alonso,2026-06-29,
5137,Maria Dizzia,2026-12-29,
5138,Maria Doyle Kennedy,2026-09-25,
5139,Maria Grazia Cucinotta,2026-07-27,
5140,Maria Maggenti,,
5141,Maria Schrader,2026-09-27,
5142,Maria Thayer,2026-10-30,
5143,María Valverde,2026-03-24,
5144,Mariah Carey,2026-03-27,
5145,Marian Dziedziel,2026-08-05,
5146,Marian Marsh,2026-10-17,2026-11-09
5147,Marian Seldes,2026-08-23,2026-10-06
5148,Marianna Palka,2026-09-07,
5149,Marianne Denicourt,2026-05-14,
5150,Maribel Verdú,2026-10-02,
5151,Maricel ?lvarez,,
5152,Marie Avgeropoulos,2026-06-17,
5153,Marie Féret,2026-05-26,2026-04-28
5154,Marie Gillain,2026-06-18,
5155,Marie Pillet,2026-07-20,2026-02-13
5156,Marie-Anne Chazel,2026-09-19,
5157,Marie-Josée Croze,2026-02-23,
5158,Mariel Hemingway,2026-11-22,
5159,Marielle Heller,2026-10-01,
5160,Mariette Monpierre,,
5161,Marilyn Agrelo,,
5162,Marilyn Burns,2026-05-07,2026-08-05
5163,Marilyn Manson,2026-01-05,
5164,Marilyn Norry,,
5165,Marilyn Rising,,
5166,Marin Hinkle,2026-03-23,
5167,Marina Golbahari,,
5168,Marina Hands,2026-01-10,
5169,Marina Sirtis,2026-03-29,
5170,Marina Vlady,2026-05-10,
5171,Mario Cimarro,2026-06-01,
5172,Mario Lopez,2026-10-10,
5173,Mario Monicelli,2026-05-15,2026-11-29
5174,Mario Van Peebles,2026-01-15,
5175,Marion Ross,2026-10-25,
5176,Marisa Coughlan,2026-03-17,
5177,Marisa Saks,2026-05-23,
5178,Marisol Nichols,2026-11-02,
5179,Marius A. Markevicius,2026-09-03,
5180,Mark A.Z. Dippé,,
5181,Mark Addy,2026-01-14,
5182,Mark Andrews,2026-09-12,
5183,Mark Bazeley,2026-09-30,
5184,Mark Brown,,
5185,Mark Camacho,2026-04-12,
5186,Mark Caven,2026-04-23,
5187,Mark Chinnery,,
5188,Mark Christopher,2026-07-08,
5189,Mark Christopher Lawrence,2026-05-22,
5190,Mark De Alessandro,,
5191,Mark Dindal,,
5192,Mark Duplass,2026-12-07,
5193,Mark Fantasia,,
5194,Mark Feuerstein,2026-06-08,
5195,Mark Gatiss,2026-10-17,
5196,Mark Helfrich,,
5197,Mark Hengst,2026-03-07,
5198,Mark Herman,,
5199,Mark Illsley,2026-06-04,
5200,Mark L. Lester,2026-11-26,
5201,Mark L. Young,,
5202,Mark Margolis,2026-11-26,
5203,Mark Moses,2026-02-24,
5204,Mark Mylod,,
5205,Mark Neveldine,2026-05-11,
5206,Mark Osborne,2026-09-17,
5207,Mark Pellington,2026-03-17,
5208,Mark Piznarski,,
5209,Mark Rendall,2026-10-21,
5210,Mark Rolston,2026-12-07,
5211,Mark Romanek,2026-09-18,
5212,Mark Rosman,,
5213,Mark Rydell,2026-03-23,
5214,Mark Rylance,2026-01-18,
5215,Mark Sandrich,2026-10-26,2026-03-04
5216,Mark Steven Johnson,2026-10-30,
5217,Mark Tarlov,,
5218,Mark Tonderai,,
5219,Mark Torgl,,
5220,Mark Valley,2026-12-24,
5221,Mark Walters,2026-02-22,
5222,Mark Waters,2026-01-18,
5223,Mark Webber,2026-07-19,
5224,Mark Williams,,
5225,Mark Wingett,2026-01-01,
5226,Mark Young,,
5227,Mark Zupan,2026-05-20,
5228,Markéta Irglová,2026-02-28,
5229,Marko Zaror,2026-06-10,
5230,Marla Gibbs,2026-06-14,
5231,Marla Sokoloff,2026-12-19,
5232,Marlee Matlin,2026-08-24,
5233,Marlene Forte,,
5234,Marley Shelton,2026-04-12,
5235,Marlon Brando,2026-04-03,2026-07-01
5236,Marques Houston,2026-08-04,
5237,Marri Savinar,,
5238,Mars Callahan,,
5239,Marsha Thomason,2026-01-19,
5240,Marshal Hilton,,
5241,Marshall Allman,2026-04-05,
5242,Marshall Bell,2026-09-28,
5243,Marta Etura,2026-10-28,
5244,Martha Coolidge,2026-08-17,
5245,Martha MacIsaac,2026-10-11,
5246,Martijn Lakemeier,2026-09-17,
5247,Martin Balsam,2026-11-04,2026-02-13
5248,Martin Brest,2026-08-08,
5249,Martin Campbell,2026-10-13,
5250,Martin Clunes,2026-11-28,
5251,Martin Compston,2026-05-08,
5252,Martin Dew,2026-01-18,
5253,Martin Donovan,2026-08-19,
5254,Martin Hancock,,
5255,Martin Henderson,2026-10-08,
5256,Martin Koolhoven,2026-04-25,
5257,Martin Kove,2026-03-06,
5258,Martin Landau,2026-06-20,
5259,Martin Lawrence,2026-04-16,
5260,Martin Lucey,,
5261,Martin McDonagh,2026-03-26,
5262,Martin Ritt,2026-03-02,2026-12-08
5263,Martin Scorsese,2026-11-17,
5264,Martin Semmelrogge,2026-12-08,
5265,Martin Sharpe,,
5266,Martin Short,2026-03-26,
5267,Martin Starr,2026-07-30,
5268,Martin Weisz,2026-03-27,
5269,Martina Gedeck,2026-09-14,
5270,Marty Lindsey,2026-12-14,
5271,Martyn Pick,,
5272,Marv Albert,2026-06-12,
5273,Mary Astor,2026-05-03,2026-09-25
5274,Mary Carr,1874-03-14,2026-06-24
5275,Mary Catherine Garrison,2026-12-19,
5276,Mary Elizabeth Mastrantonio,2026-11-17,
5277,Mary Goggin,2026-08-12,
5278,Mary Harron,2026-01-12,
5279,Mary J. Blige,2026-01-11,
5280,Mary Kate Wiles,,
5281,Mary Kay Place,2026-09-23,
5282,Mary Lambert,,
5283,Mary Lynn Rajskub,2026-06-22,
5284,Mary McCormack,2026-02-08,
5285,Mary McDonnell,2026-04-28,
5286,Mary McGuckian,2026-05-27,
5287,Mary Mouser,2026-05-09,
5288,Mary Norwood,,
5289,Mary Page Keller,2026-03-03,
5290,Mary Pat Kelly,,
5291,Mary Tsoni,,
5292,Mary Tyler Moore,2026-12-29,2026-01-25
5293,Mary-Kate Olsen,2026-06-13,
5294,Maryam Keshavarz,,
5295,Masayuki Ochiai,,
5296,Masi Oka,2026-12-27,
5297,Mason Gamble,2026-01-16,
5298,Mason Lee,2026-05-30,
5299,Master P,2026-01-01,
5300,Mateo Gil,2026-09-23,
5301,Matheus Nachtergaele,2026-01-03,
5302,Mathew Buck,2026-12-01,
5303,Mathieu Amalric,2026-10-25,
5304,Mathieu Kassovitz,2026-08-03,
5305,Matias Varela,2026-06-23,
5306,Matisyahu,2026-06-30,
5307,Matt Bennett,2026-04-09,
5308,Matt Berry,2026-05-02,
5309,Matt Bettinelli-Olpin,,
5310,Matt Birch,,
5311,Matt Bomer,2026-10-11,
5312,Matt Bushell,2026-01-08,
5313,Matt Cimber,,
5314,Matt Cohen,,
5315,Matt Crabtree,,
5316,Matt Craven,2026-11-10,
5317,Matt Damon,2026-10-08,
5318,Matt Day,2026-09-28,
5319,Matt Dillon,2026-02-18,
5320,Matt Frewer,2026-01-04,
5321,Matt Gerald,,
5322,Matt Hill,,
5323,Matt Hunter,,
5324,Matt Jackson,,
5325,Matt Johnson,,
5326,Matt Jones,2026-11-01,
5327,Matt Keeslar,2026-10-15,
5328,Matt King,2026-07-28,
5329,Matt Letscher,2026-06-26,
5330,Matt Long,2026-05-18,
5331,Matt Lucas,2026-03-05,
5332,Matt Maiellaro,,
5333,Matt Malloy,,
5334,Matt Marr,,
5335,Matt McCoy,2026-05-20,
5336,Matt O'Leary,2026-07-06,
5337,Matt Piedmont,,
5338,Matt Price,,
5339,Matt Prokop,2026-07-29,
5340,Matt Reeves,2026-04-27,
5341,Matt Ross,2026-01-03,
5342,Matt Schulze,2026-07-03,
5343,Matt Servitto,2026-04-07,
5344,Matt Shively,2026-09-15,
5345,Matt Smith,2026-10-28,
5346,Matt Stone,2026-05-26,
5347,Matt Walsh,2026-10-13,
5348,Matt Williams,,
5349,Matthew Alan,,
5350,Matthew Borlenghi,2026-05-25,
5351,Matthew Bright,2026-07-08,
5352,Matthew Broderick,2026-03-21,
5353,Matthew Cowles,2026-09-28,2026-05-22
5354,Matthew Daddario,,
5355,Matthew Diamond,,
5356,Matthew Emerick,,
5357,Matthew Feeney,2026-07-12,
5358,Matthew Glave,2026-08-19,
5359,Matthew Gray Gubler,2026-03-09,
5360,Matthew Gumley,2026-02-07,
5361,Matthew Hastings,2026-10-21,
5362,Matthew Knight,2026-02-16,
5363,Matthew Lawrence,2026-02-11,
5364,Matthew Macfadyen,2026-10-17,
5365,Matthew McConaughey,2026-11-04,
5366,Matthew McGrory,2026-05-17,2026-08-09
5367,Matthew Modine,2026-03-22,
5368,Matthew O'Callaghan,,
5369,Matthew Perry,2026-08-19,
5370,Matthew R. Anderson,,
5371,Matthew Robbins,2026-07-15,
5372,Matthew Settle,2026-09-17,
5373,Matthew Sunderland,,
5374,Matthew Vaughn,2026-03-07,
5375,Matthew Walker,,
5376,Matthew Watts,,
5377,Matthew Ziff,2026-03-24,
5378,Matthias Habich,2026-01-12,
5379,Matty Rich,2026-11-06,
5380,Maude Apatow,2026-12-15,
5381,Maura Tierney,2026-02-03,
5382,Maureen McCormick,2026-08-05,
5383,Maurice Compte,,
5384,Maurice Joyce,2026-03-13,
5385,Maurice LaMarche,2026-03-30,
5386,Maurice Ro?ves,2026-03-19,
5387,Maurizio Benazzo,,
5388,Maury Chaykin,2026-07-27,2026-07-27
5389,Max Adler,2026-01-17,
5390,Max Beesley,2026-04-16,
5391,Max Casella,2026-06-06,
5392,Max Cullen,2026-04-29,
5393,Max F?rberb?ck,2026-09-22,
5394,Max Gail,2026-04-05,
5395,Max Joseph,,
5396,Max Kerstein,,
5397,Max Mayer,,
5398,Max Minghella,2026-09-16,
5399,Max Records,2026-06-18,
5400,Max Riemelt,2026-01-07,
5401,Max Ryan,,
5402,Max Wright,2026-08-02,
5403,Maximilian Dirr,2026-01-06,
5404,Maximilian Schell,2026-12-08,2026-02-01
5405,Maxine Bahns,2026-02-28,
5406,Maxwell Moody,,
5407,Maya Angelou,2026-04-04,2026-05-28
5408,McG,2026-08-09,
5409,Mckenna Grace,2026-06-25,
5410,Meat Loaf,2026-09-27,
5411,Meg Crosbie,2026-07-11,
5412,Meg Foster,2026-05-10,
5413,Megalyn Echikunwoke,2026-05-28,
5414,Megan Ambuhl Graner,,
5415,Megan Burns,2026-06-25,
5416,Megan Charpentier,,
5417,Megan Franich,,
5418,Megan Hilty,2026-03-29,
5419,Megan Mullally,2026-11-12,
5420,Megan Park,2026-07-24,
5421,Meghan Heffern,2026-10-03,
5422,Meghan Ory,2026-08-20,
5423,Megyn Price,2026-03-24,
5424,Mehcad Brooks,2026-10-25,
5425,Mei Melan?on,2026-03-03,
5426,Meiert Avis,,
5427,Mekhi Phifer,2026-12-29,
5428,Mekia Cox,,
5429,Mel Blanc,2026-05-30,2026-07-10
5430,Mel Brooks,2026-06-28,
5431,Mel Eslyn,2026-08-19,
5432,Mel Ferrer,2026-08-25,2026-06-02
5433,Mel Gibson,2026-01-03,
5434,Mel Rodriguez,2026-06-12,
5435,Mel Smith,2026-12-03,2026-07-19
5436,Mel Stuart,2026-09-02,2026-08-09
5437,Mélanie Doutey,2026-11-22,
5438,Melanie Griffith,2026-08-09,
5439,Melanie Kinnaman,2026-12-18,
5440,Melanie Papalia,2026-07-11,
5441,Melina Kanakaredes,2026-04-23,
5442,Melinda Clarke,2026-04-24,
5443,Melinda Dillon,2026-10-13,
5444,Melissa Benoist,2026-10-04,
5445,Melissa Bolona,,
5446,Mélissa Désormeaux-Poulin,,
5447,Melissa Gilbert,2026-05-08,
5448,Melissa McMeekin,2026-11-20,
5449,Melissa Ordway,2026-03-31,
5450,Melissa Roxburgh,2026-12-10,
5451,Melissa Sagemiller,2026-06-01,
5452,Melissa Sturm,,
5453,Mélissa Theuriau,2026-07-18,
5454,Melonie Diaz,2026-04-25,
5455,Melora Walters,2026-10-21,
5456,Melvil Poupaud,2026-01-26,
5457,Melville Shavelson,2026-04-01,2026-08-08
5458,Melvin Van Peebles,2026-08-21,
5459,Melvyn Douglas,2026-04-05,2026-08-04
5460,Mem Ferda,2026-10-30,
5461,Mennan Yapo,,
5462,Menno Meyjes,,
5463,Merab Ninidze,2026-11-03,
5464,Mercedes Morán,2026-09-21,
5465,Meredith Hagner,2026-05-31,
5466,Meredith Scott Lynn,2026-03-08,
5467,Merritt Wever,2026-08-11,
5468,Merry Clayton,2026-12-25,
5469,Mervyn LeRoy,2026-10-15,2026-09-13
5470,Meryl Streep,2026-06-22,
5471,Method Man,2026-01-11,
5472,Mews Small,2026-03-20,
5473,Mhairi Calvey,2026-05-07,
5474,Mia Barron,,
5475,Mia Farrow,2026-02-09,
5476,Mia Kirshner,2026-01-25,
5477,Mía Maestro,2026-03-31,
5478,Mia Sara,2026-06-19,
5479,Mia Wasikowska,2026-10-14,
5480,Mic Rodgers,,
5481,Micah Sloat,,
5482,Michael Aaron Milligan,,
5483,Michael Abbott Jr.,2026-07-08,
5484,Michael Anderson,,
5485,Michael Angarano,2026-12-03,
5486,Michael Apted,2026-02-10,
5487,Michael Bay,2026-02-17,
5488,Michael Beach,2026-10-30,
5489,Michael Beck,,
5490,Michael Berryman,2026-09-04,
5491,Michael Biehn,2026-07-31,
5492,Michael Bolten,2026-07-27,
5493,Michael Bowen,2026-06-21,
5494,Michael Bower,2026-02-12,
5495,Michael Brandon,2026-04-20,
5496,Michael Burke,,
5497,Michael Byrne,2026-11-07,
5498,Michael C. Williams,2026-11-22,
5499,Michael Caton-Jones,2026-10-15,
5500,Michael Cerveris,2026-11-06,
5501,Michael Chapman,,
5502,Michael Chernus,2026-08-08,
5503,Michael Cimino,2026-02-03,2026-07-02
5504,Michael Clancy,,
5505,Michael Cohn,2026-09-05,
5506,Michael Corrente,2026-04-06,
5507,Michael Cortez,,
5508,Michael Crichton,2026-10-23,2026-11-04
5509,Michael Cristofer,2026-01-22,
5510,Michael Cudlitz,2026-12-29,
5511,Michael Cuesta,2026-07-08,
5512,Michael Curtiz,1886-12-24,2026-04-10
5513,Michael D. Sellers,,
5514,Michael DeLorenzo,2026-10-31,
5515,Michael Derek,2026-01-31,2026-02-19
5516,Michael Des Barres,2026-01-24,
5517,Michael Dinner,,
5518,Michael Dorman,2026-04-26,
5519,Michael Dorn,2026-12-09,
5520,Michael Dougherty,2026-10-28,
5521,Michael Douglas,2026-09-25,
5522,Michael Dowse,2026-04-19,
5523,Michael Dudikoff,2026-10-08,
5524,Michael Eisner,2026-03-07,
5525,Michael Elian,,
5526,Michael Elphick,2026-09-19,2026-09-07
5527,Michael Emerson,2026-09-07,
5528,Michael Fassbender,2026-04-02,
5529,Michael Gaston,2026-02-15,
5530,Michael Gornick,,
5531,Michael Gough,2026-12-03,
5532,Michael Greyeyes,2026-06-04,
5533,Michael Gross,2026-06-21,
5534,Michael Haneke,2026-03-23,
5535,Michael Harding,,
5536,Michael Herz,,
5537,Michael Higgenbottom,,
5538,Michael Hitchcock,2026-07-28,
5539,Michael Hoffman,2026-11-30,
5540,Michael Hoffman Jr.,2026-02-27,
5541,Michael Horse,2026-12-21,
5542,Michael Imperioli,2026-03-26,
5543,Michael Irby,2026-11-16,
5544,Michael J. Bassett,,
5545,Michael J. Burg,2026-12-28,
5546,Michael J. Morris,2026-05-26,2026-06-11
5547,Michael J. Pollard,2026-05-30,
5548,Michael Jai White,2026-11-10,
5549,Michael Jeter,2026-08-26,2026-03-30
5550,Michael Joiner,,
5551,Michael Jordan,2026-02-09,
5552,Michael Kang,2026-09-14,
5553,Michael Kelly,2026-05-22,
5554,Michael Kitchen,2026-10-31,
5555,Michael Landers,2026-03-12,
5556,Michael Landes,2026-09-18,
5557,Michael Landon Jr.,2026-06-20,
5558,Michael Lehmann,2026-03-30,
5559,Michael Lembeck,2026-06-25,
5560,Michael Lerner,2026-06-22,
5561,Michael Lieber,,
5562,Michael Lonsdale,2026-05-24,
5563,Michael Mann,2026-02-05,
5564,Michael Martin,,
5565,Michael Mayer,,
5566,Michael McCullers,,
5567,Michael McElhatton,,
5568,Michael McGlone,2026-08-10,
5569,Michael McGowan,2026-04-14,
5570,Michael McKean,2026-10-17,
5571,Michael McLafferty,2026-09-05,
5572,Michael McMillian,2026-10-21,
5573,Michael Meredith,2026-09-22,
5574,Michael Michele,2026-08-30,
5575,Michael Monks,,
5576,Michael Moore,2026-04-23,
5577,Michael Mosley,2026-03-22,
5578,Michael Nardone,2026-01-20,
5579,Michael Nouri,2026-12-09,
5580,Michael Nyqvist,2026-11-08,
5581,Michael O. Sajbel,,
5582,Michael O'Keefe,2026-07-27,
5583,Michael O'Neill,,
5584,Michael Palin,2026-05-05,
5585,Michael Papajohn,2026-11-07,
5586,Michael Paré,,
5587,Michael Parks,2026-04-24,
5588,Michael Parle,2026-10-09,
5589,Michael Patrick Jann,2026-05-15,
5590,Michael Patrick King,2026-09-14,
5591,Michael Polish,2026-10-30,
5592,Michael Pollan,2026-02-06,
5593,Michael Potts,,
5594,Michael Pressman,2026-07-01,
5595,Michael Radford,2026-02-24,
5596,Michael Rady,2026-08-20,
5597,Michael Rapaport,2026-03-20,
5598,Michael Raymond-James,2026-12-24,
5599,Michael Richards,2026-07-05,
5600,Michael Rispoli,2026-11-27,
5601,Michael Ritchie,2026-11-28,2026-04-16
5602,Michael Roark,2026-05-09,
5603,Michael Roemer,2026-01-01,
5604,Michael Rymer,,
5605,Michael Schultz,2026-11-10,
5606,Michael Smiley,,
5607,Michael Spears,2026-12-28,
5608,Michael Spierig,,
5609,Michael Stahl-David,2026-10-28,
5610,Michael Stuhlbarg,2026-07-05,
5611,Michael Sucsy,2026-02-14,
5612,Michael Taliferro,2026-08-23,2026-05-04
5613,Michael Tiddes,,
5614,Michael Tollin,2026-10-06,
5615,Michael Wadleigh,2026-09-24,
5616,Michael Walker,,
5617,Michael Welch,2026-07-25,
5618,Michael Weston,2026-10-25,
5619,Michael Wincott,2026-01-21,
5620,Michael Winner,,
5621,Michael Winnick,,
5622,Michael Winslow,2026-09-06,
5623,Michael Winterbottom,2026-03-29,
5624,Michael Wong,,
5625,Michael Wright,2026-04-30,
5626,Michaela McManus,2026-05-20,
5627,Michaela Watkins,,
5628,Michel Bouquet,2026-11-06,
5629,Michel C?té,,
5630,Michel Galabru,2026-10-27,2026-01-04
5631,Michel Gondry,2026-05-08,
5632,Michel Hazanavicius,2026-03-29,
5633,Michel Leclerc,,
5634,Michel Muller,2026-09-09,
5635,Michel Orion Scott,,
5636,Michel Robin,2026-10-13,
5637,Michel Serrault,2026-01-24,2026-07-29
5638,Michel Simon,1895-04-09,2026-05-30
5639,Michele Morrow,2026-03-19,
5640,Michelle Forbes,2026-01-08,
5641,Michelle Hurst,,
5642,Michelle Krusiec,2026-10-02,
5643,Michelle Nolden,,
5644,Michelle Simone Miller,,
5645,Michelle Tabora,,
5646,Michiel Huisman,2026-07-18,
5647,Mick Foley,2026-06-07,
5648,Mick Jackson,2026-10-04,
5649,Mick Jagger,2026-07-26,
5650,Mick Lally,2026-11-10,2026-08-31
5651,Mickey Hart,2026-09-11,
5652,Mickey Liddell,,
5653,Miguel A. Nú?ez Jr.,,
5654,Miguel ?ngel Solá,2026-05-14,
5655,Miguel Arteta,,
5656,Miguel Ferrer,2026-02-07,2026-01-19
5657,Miguel Sandoval,2026-11-16,
5658,Miguel Sapochnik,,
5659,Mihalis Giannatos,,2026-09-17
5660,Mika Boorem,2026-08-18,
5661,Mikaal Bates,,
5662,Mikael H?fstr?m,2026-07-01,
5663,Mikael Salomon,2026-02-24,
5664,Mikal Vega,,
5665,Mike 'The Miz' Mizanin,2026-10-08,
5666,Mike Barker,2026-06-07,
5667,Mike Beckingham,,
5668,Mike Bell,2026-07-30,
5669,Mike Bigelow,,
5670,Mike Binder,,
5671,Mike Birbiglia,2026-06-20,
5672,Mike Block,,
5673,Mike Brett,,
5674,Mike Bruce,,
5675,Mike Cahill,2026-07-05,
5676,Mike Colter,2026-08-26,
5677,Mike Disa,,
5678,Mike Dopud,2026-06-10,
5679,Mike Doyle,,
5680,Mike Epps,2026-11-18,
5681,Mike Eshaq,,
5682,Mike Figgis,2026-02-28,
5683,Mike Figueroa,2026-05-15,
5684,Mike Flanagan,2026-05-20,
5685,Mike Gabriel,2026-11-05,
5686,Mike Hodges,,
5687,Mike Howard,,
5688,Mike Huckabee,2026-08-24,
5689,Mike Judge,2026-10-17,
5690,Mike Leigh,2026-02-20,
5691,Mike Marvin,,
5692,Mike Mayhall,,
5693,Mike McCoy,,
5694,Mike Mills,,
5695,Mike Mitchell,,
5696,Mike Muscat,2026-05-22,
5697,Mike Nawrocki,2026-07-08,
5698,Mike Newell,2026-03-28,
5699,Mike Nichols,2026-11-06,2026-11-19
5700,Mike O'Malley,2026-10-31,
5701,Mike Stanley,,
5702,Mike Starr,2026-07-29,
5703,Mike Tyson,2026-06-30,
5704,Mike van Diem,2026-01-12,
5705,Mike Vogel,2026-07-17,
5706,Mike White,2026-06-28,
5707,Mikel Rueda,2026-07-06,
5708,Mikki Padilla,2026-05-27,
5709,Miko Hughes,2026-02-22,
5710,Mila Kunis,2026-08-14,
5711,Milan Lasica,2026-02-03,
5712,Milla Jovovich,2026-12-17,
5713,Milo O'Shea,2026-06-02,2026-04-02
5714,Milos Forman,2026-02-18,
5715,Mimi Kirkland,,
5716,Mimi Leder,2026-01-26,
5717,Mimi Rogers,2026-01-27,
5718,Min-sik Choi,2026-01-22,
5719,Mindy Kaling,2026-06-24,
5720,Mindy Sterling,2026-07-11,
5721,Ming-Na Wen,2026-11-20,
5722,Mini Anden,2026-06-07,
5723,Mink Stole,2026-08-25,
5724,Minnie Driver,2026-01-31,
5725,Minoru Chiaki,2026-07-30,2026-11-01
5726,Mira Nair,2026-10-15,
5727,Mira Sorvino,2026-09-28,
5728,Miranda Cosgrove,2026-05-14,
5729,Miranda July,2026-02-15,
5730,Miranda Otto,2026-12-16,
5731,Miranda Richardson,2026-03-03,
5732,Mircea Monroe,2026-03-11,
5733,Mireille Enos,2026-09-22,
5734,Miriam Colon,2026-08-20,2026-03-03
5735,Miriam Margolyes,2026-05-18,
5736,Miriam Shor,2026-07-25,
5737,Miriama Smith,2026-06-03,
5738,Mirlan Abdulayev,,
5739,Misha Gabriel Hamilton,2026-05-13,
5740,Mishael Morgan,,
5741,Misty Upham,2026-07-06,2026-10-05
5742,Mitch Davis,,
5743,Mitch Pileggi,2026-04-05,
5744,Mitchell Altieri,,
5745,Mitchell Lichtenstein,2026-03-10,
5746,Mitchell Ryan,2026-01-11,
5747,Mithun Chakraborty,2026-06-16,
5748,Mitsuo Iwata,2026-07-31,
5749,Miyu Irino,2026-02-19,
5750,Mo Gallini,2026-02-15,
5751,Mo'Nique,2026-12-11,
5752,Mohamad Haref Harati,,
5753,Mohammad Amir Naji,,
5754,Moises Arias,2026-04-18,
5755,Mojgan Faramarzi,,
5756,Molly Bernstein,,
5757,Molly C. Quinn,2026-10-08,
5758,Molly Dunsworth,,
5759,Molly Ephraim,2026-05-22,
5760,Molly Hagan,2026-08-03,
5761,Molly Parker,2026-06-30,
5762,Molly Shannon,2026-09-16,
5763,Mona Fastvold,2026-03-07,
5764,Mona Marshall,2026-08-31,
5765,Monda Scott,,
5766,Monica Barladeanu,2026-12-12,
5767,Monica Calhoun,2026-07-29,
5768,Monica Keena,2026-05-28,
5769,Monica Potter,2026-06-30,
5770,Monique Candelaria,,
5771,Monique Gabriela Curnen,2026-09-07,
5772,Monte Hellman,2026-07-12,
5773,Montgomery Clift,2026-10-17,2026-07-23
5774,Mor Loushy,,
5775,Mora Stephens,2026-02-05,
5776,Morgan Fairchild,2026-02-03,
5777,Morgan Freeman,2026-06-01,
5778,Morgan J. Freeman,2026-06-01,
5779,Morgan Neville,2026-10-10,
5780,Morgan Saylor,2026-10-26,
5781,Morgan Spurlock,2026-11-07,
5782,Morgana O'Reilly,2026-08-19,
5783,Moritz Bleibtreu,2026-08-13,
5784,Mort Nathan,,
5785,Morten Tyldum,2026-05-19,
5786,Moustapha Akkad,2026-07-01,2026-11-11
5787,Mugambi Nthiga,,
5788,Munro Chambers,2026-07-29,
5789,Murray Bartlett,2026-03-20,
5790,Murray Hamilton,2026-03-24,2026-09-01
5791,Muse Watson,2026-07-20,
5792,Mustafa Haidari,,
5793,MyAnna Buring,2026-09-22,
5794,Mykel Shannon Jenkins,2026-07-03,
5795,Mykelti Williamson,2026-03-04,
5796,Myles Berkowitz,,
5797,Myrna Loy,2026-08-02,2026-12-14
5798,Na'Blonka Durden,,
5799,Nacho Vigalondo,,
5800,Naderev Sano,,
5801,Nadia Tass,,
5802,Nadine Labaki,2026-02-18,
5803,Nadine Velazquez,2026-11-20,
5804,Nae Caranfil,2026-09-07,
5805,Najarra Townsend,2026-12-05,
5806,Nambitha Mpumlwana,2026-02-12,
5807,Nancy Allen,,
5808,Nancy Cartwright,2026-10-25,
5809,Nancy Ison,2026-03-21,2026-06-18
5810,Nancy Kyes,2026-12-19,
5811,Nancy Meyers,2026-12-08,
5812,Nancy O'Dell,2026-02-25,
5813,Nancy Travis,2026-09-21,
5814,Nancy Walker,2026-05-10,2026-03-25
5815,Nandita Das,2026-11-07,
5816,Nanette Burstein,2026-05-23,
5817,Naomi Nishida,2026-02-16,
5818,Naomi Watts,2026-09-28,
5819,Nargess Mamizadeh,,
5820,Naseeruddin Shah,2026-07-20,
5821,Nastassja Kinski,2026-01-24,
5822,Nat Faxon,,
5823,Nat Wolff,2026-10-23,
5824,Natalie Bible',2026-11-09,
5825,Natalie Canerday,2026-03-09,
5826,Natalie Coughlin,2026-08-23,
5827,Natalie Imbruglia,2026-02-04,
5828,Natalie Lisinska,,
5829,Natalie Mendoza,2026-08-12,
5830,Natalie Portman,2026-06-09,
5831,Natalie Press,2026-08-15,
5832,Natalie Stephany Aguilar,,
5833,Natalie Welch,,
5834,Nataliya Vdovina,2026-01-12,
5835,Natalya Bondarchuk,2026-05-10,
5836,Nataniel Sánchez,,
5837,Natascha McElhone,2026-12-14,
5838,Natasha Bedingfield,2026-11-26,
5839,Natasha Calis,,
5840,Natasha Gregson Wagner,2026-09-29,
5841,Natasha Henstridge,2026-08-15,
5842,Natasha Lyonne,2026-04-04,
5843,Natasha Richardson,2026-05-11,2026-03-18
5844,Nate Parker,2026-11-18,
5845,Nathalie Baye,2026-07-06,
5846,Nathalie Fay,,
5847,Nathan Frankowski,,
5848,Nathan Greno,2026-03-22,
5849,Nathan Jones,,
5850,Nathan Lane,2026-02-03,
5851,Nathan Parsons,2026-06-16,
5852,Nathan Smith Jones,,
5853,Nathaniel Lees,,
5854,Nathaniel Parker,2026-05-18,
5855,Nathin Butler,,
5856,Nawazuddin Siddiqui,2026-05-19,
5857,Neal Brennan,,
5858,Necar Zadegan,,
5859,Necati Sasmaz,2026-12-15,
5860,Ned Beatty,2026-07-06,
5861,Ned Bellamy,2026-05-07,
5862,Neema Barnette,2026-12-14,
5863,Neeru Bajwa,2026-08-26,
5864,Nehemiah Persoff,2026-08-02,
5865,Neil Armstrong,2026-08-05,2026-08-25
5866,Neil Brown Jr.,2026-06-19,
5867,Neil Burger,,
5868,Neil Diamond,2026-01-24,
5869,Neil Flynn,2026-11-13,
5870,Neil Hopkins,2026-05-13,
5871,Neil Jordan,2026-02-25,
5872,Neil LaBute,2026-03-19,
5873,Neil Marshall,2026-05-25,
5874,Neil Maskell,,
5875,Neil Mcenery-West,,
5876,Neill Blomkamp,2026-09-17,
5877,Neill Dela Llana,,
5878,Nellie McKay,2026-04-13,
5879,Nellie Sciutto,,
5880,Nels Lennarson,2026-10-14,
5881,Nelson Ascencio,2026-08-30,
5882,Nelson McCormick,,
5883,Neville Brand,2026-08-13,2026-04-16
5884,Newt Arnold,2026-02-22,2026-02-12
5885,Ni Ni,2026-01-12,
5886,Ni Yan,2026-03-10,
5887,Nia Long,2026-10-30,
5888,Nia Peeples,2026-12-10,
5889,Nia Vardalos,2026-09-24,
5890,Niall Horan,2026-09-13,
5891,Niall Johnson,,
5892,Niamh Cusack,2026-10-20,
5893,Nichelle Nichols,2026-12-28,
5894,Nichola Burley,,
5895,Nicholas Aaron,,
5896,Nicholas Bell,2026-03-24,
5897,Nicholas Braun,2026-05-01,
5898,Nicholas Carella,2026-08-20,
5899,Nicholas Elia,2026-03-29,
5900,Nicholas Fackler,,
5901,Nicholas Farrell,,
5902,Nicholas Gonzalez,2026-01-03,
5903,Nicholas Hamilton,2026-05-04,
5904,Nicholas Hammond,2026-05-15,
5905,Nicholas Hytner,2026-05-07,
5906,Nicholas Jarecki,,
5907,Nicholas Lea,2026-05-29,
5908,Nicholas Meyer,2026-12-24,
5909,Nicholas Ray,2026-08-07,2026-06-16
5910,Nicholas Rowe,2026-11-22,
5911,Nicholas Simmons,2026-03-31,
5912,Nicholas Stoller,2026-03-19,
5913,Nicholas Tse,2026-08-29,
5914,Nicholas Turturro,2026-01-29,
5915,Nicholaus Goossen,,
5916,Nichole Ceballos,,
5917,Nick Cannon,2026-10-08,
5918,Nick Cassavetes,2026-05-21,
5919,Nick Cave,2026-09-22,
5920,Nick Chinlund,2026-11-18,
5921,Nick Damici,,
5922,Nick Gomez,,
5923,Nick Hamm,,
5924,Nick Hurran,,
5925,Nick Krause,2026-04-14,
5926,Nick Love,2026-12-24,
5927,Nick Murphy,,
5928,Nick Principe,2026-12-30,
5929,Nick Robinson,2026-03-22,
5930,Nick Searcy,2026-03-07,
5931,Nick Stahl,2026-12-05,
5932,Nick Tomnay,,
5933,Nick Zano,2026-03-08,
5934,Nicki Aycox,2026-05-26,
5935,Nickolas Perry,,
5936,Nicky Katt,2026-05-11,
5937,Nicky Naudé,,
5938,Nicol Williamson,2026-09-14,2026-12-16
5939,Nicola Walker,2026-05-15,
5940,Nicolae Constantin Tanase,,
5941,Nicolas Cage,2026-01-07,
5942,Nicolas Giraud,2026-11-12,
5943,Nicolas Winding Refn,2026-09-29,
5944,Nicole Ari Parker,2026-10-07,
5945,Nicole Beharie,,
5946,Nicole de Boer,2026-12-20,
5947,Nicole Dionne,2026-05-26,
5948,Nicole Holofcener,2026-03-22,
5949,Nicole Mu?oz,2026-06-24,
5950,Nicole Randall Johnson,2026-12-09,
5951,Nicole Scherzinger,2026-06-29,
5952,Nicole Smolen,2026-12-09,
5953,Nicole Sullivan,2026-04-21,
5954,Nicollette Sheridan,2026-11-21,
5955,Niecy Nash,2026-02-23,
5956,Niels Arden Oplev,2026-03-26,
5957,Nigel Bruce,2026-07-09,
5958,Nigel Cole,,
5959,Nigel Whitmey,,
5960,Niketa Calame,2026-11-10,
5961,Niki Caro,,
5962,Nikki Griffin,2026-04-16,
5963,Nikola Djuricko,2026-07-09,
5964,Nils Gaup,,
5965,Nils-Anders Vallg?rda,,
5966,Nima Nourizadeh,2026-11-12,
5967,Nimrat Kaur,,
5968,Nimród Antal,2026-11-30,
5969,Nina Arianda,2026-09-18,
5970,Nina Hartley,2026-03-11,
5971,Nina Hoss,2026-07-07,
5972,Nirut Sirichanya,,
5973,Nissim Renard,,
5974,Nnegest Likké,2026-02-19,
5975,Noah Baumbach,2026-09-03,
5976,Noah Bean,2026-08-20,
5977,Noah Buschel,2026-05-31,
5978,Noah Danby,2026-04-24,
5979,Noah Emmerich,2026-02-27,
5980,Noah Huntley,2026-09-07,
5981,Noah Lomax,,
5982,Noah Ringer,2026-11-18,
5983,Noah Segan,2026-10-05,
5984,Noah Taylor,2026-09-04,
5985,Noam Chomsky,2026-12-07,
5986,Noam Jenkins,,
5987,Noam Murro,2026-08-16,
5988,Noel Clarke,2026-12-06,
5989,Noel Fisher,2026-03-13,
5990,Noel Gugliemi,,
5991,Noel Marshall,2026-04-18,2026-06-27
5992,Noémie Lenoir,2026-09-19,
5993,Nolan Gerard Funk,2026-07-28,
5994,Nona Gaye,2026-09-04,
5995,Nonso Anozie,2026-05-28,
5996,Nora Arnezeder,2026-05-08,
5997,Nora Dunn,2026-04-29,
5998,Nora Ephron,2026-05-19,2026-06-26
5999,Nora von Waldst?tten,2026-12-01,
6000,Nora Zehetner,2026-02-05,
6001,Norah Jones,2026-03-30,
6002,Norbert Ferrer,,
6003,Norma Aleandro,2026-05-02,
6004,Norman Ferguson,2026-09-02,2026-11-04
6005,Norman Jewison,2026-07-21,
6006,Norman Lloyd,2026-11-08,
6007,Norman Reedus,2026-01-06,
6008,Noureen DeWulf,2026-02-28,
6009,Numan Acar,2026-10-07,
6010,O.J. Simpson,2026-07-09,
6011,Oaklee Pendergast,,
6012,Oana Pellea,2026-01-29,
6013,Oanh Nguyen,,
6014,Obba Babatundé,2026-12-01,
6015,Ocean James,,
6016,Odessa Rae,,
6017,Odeya Rush,2026-05-12,
6018,Ohad Knoller,2026-09-28,
6019,Oksana Akinshina,2026-04-19,
6020,Ol Parker,,
6021,?lafur Darri ?lafsson,2026-03-13,
6022,Olatunde Osunsanmi,2026-10-23,
6023,Ole Bornedal,2026-05-26,
6024,Ole Christian Madsen,2026-06-18,
6025,Oleg Stepchenko,2026-09-25,
6026,Oleg Taktarov,2026-08-26,
6027,Olga Fonda,2026-10-01,
6028,Oliver Blackburn,,
6029,Oliver Cooper,,
6030,Oliver Hirschbiegel,2026-12-29,
6031,Oliver Hudson,2026-09-07,
6032,Oliver James,2026-01-27,
6033,Oliver Parker,,
6034,Oliver Platt,2026-01-12,
6035,Oliver Reed,2026-02-13,2026-05-02
6036,Oliver Stark,,
6037,Oliver Stone,2026-09-15,
6038,Olivia Alexander,,
6039,Olivia Colman,2026-01-30,
6040,Olivia Cooke,2026-12-27,
6041,Olivia Crocicchia,,
6042,Olivia d'Abo,2026-01-22,
6043,Olivia DeJonge,2026-04-30,
6044,Olivia Munn,2026-07-03,
6045,Olivia Newton-John,2026-09-26,
6046,Olivia Rose Keegan,,
6047,Olivia Wilde,2026-03-10,
6048,Olivia Williams,2026-07-26,
6049,Olivier Assayas,2026-01-25,
6050,Olivier Dahan,2026-06-26,
6051,Olivier Martinez,2026-01-12,
6052,Olivier Megaton,2026-08-06,
6053,Olivier Rabourdin,,
6054,Olly Alexander,,
6055,Olwenya Maina,,
6056,Olympia Dukakis,2026-06-20,
6057,Om Puri,2026-10-18,2026-01-06
6058,Omar Benson Miller,2026-10-07,
6059,Omar Epps,2026-07-20,
6060,Omar Metwally,,
6061,Omar Sy,2026-01-20,
6062,Omari Hardwick,2026-01-09,
6063,Omid Abtahi,,
6064,Omri Katz,2026-05-30,
6065,Oona Laurence,2026-08-01,
6066,Ophelia Lovibond,2026-02-19,
6067,Oprah Winfrey,2026-01-29,
6068,Oren Moverman,,
6069,Oren Peli,,
6070,Orla Fitzgerald,,
6071,Orlando Bloom,2026-01-13,
6072,Ornella Muti,2026-03-09,
6073,Orson Bean,2026-07-22,
6074,Orson Welles,2026-05-06,2026-10-10
6075,Osama bin Laden,2026-03-10,2026-05-02
6076,Oscar Gale,,
6077,Oscar Isaac,2026-03-09,
6078,?scar Jaenada,2026-05-04,
6079,Osric Chau,2026-07-20,
6080,Ossie Davis,2026-12-18,2026-02-04
6081,Othon Bastos,2026-05-23,
6082,Otto Jespersen,2026-07-21,
6083,Owain Yeoman,2026-07-02,
6084,Owen Burke,,
6085,Owen Kline,2026-10-14,
6086,Owen Teale,2026-05-20,
6087,P.J. Hogan,2026-11-30,
6088,P.J. Soles,2026-07-17,
6089,Pablo Rago,2026-09-24,
6090,Pablo Rosso,,
6091,Pablo Sevilla,,
6092,Paddy Considine,2026-09-05,
6093,Padraic Delaney,2026-11-06,
6094,Paige Turco,2026-05-17,
6095,Pam Ferris,2026-05-11,
6096,Pamela Anderson,2026-07-01,
6097,Pamela Reed,2026-04-02,
6098,Pamela Salem,2026-01-22,
6099,Pan Nalin,,
6100,Panchito Gómez,2026-11-02,
6101,Panos Cosmatos,,
6102,Pant Shirt Baba,,
6103,Paolo Monico,2026-08-15,
6104,Paolo Montalban,2026-05-21,
6105,Paolo Seganti,2026-05-20,
6106,Paolo Sorrentino,2026-05-31,
6107,Paprika Steen,2026-11-03,
6108,Paresh Rawal,2026-05-30,
6109,Paris Hilton,2026-02-17,
6110,Park Bench,,
6111,Parker Bagley,,
6112,Parker Riggs,,
6113,Parker Sawyers,,
6114,Parminder Nagra,2026-10-05,
6115,Parry Shen,2026-06-26,
6116,Pascal Arnold,,
6117,Pascal Chaumeil,2026-02-09,2026-08-27
6118,Pat Boone,2026-06-01,
6119,Pat Buchanan,2026-11-02,
6120,Pat Healy,2026-03-04,
6121,Pat Hingle,2026-07-19,2026-01-03
6122,Pat Holden,,
6123,Pat O'Connor,,
6124,Pat Ryan,,
6125,Patch Darragh,,
6126,Paterson Joseph,2026-06-22,
6127,Patrice Leconte,2026-11-12,
6128,Patricia Belcher,,
6129,Patricia Cardoso,2026-09-03,
6130,Patricia Heaton,2026-03-04,
6131,Patricia Neal,2026-01-20,2026-08-08
6132,Patricia Raven,2026-06-08,
6133,Patricia Richardson,2026-02-23,
6134,Patricia Riggen,2026-06-02,
6135,Patricia Rozema,2026-08-20,
6136,Patricia Tallman,2026-09-04,
6137,Patricia Velasquez,,
6138,Patrick Bauchau,2026-12-06,
6139,Patrick Bergin,2026-02-04,
6140,Patrick Brammall,,
6141,Patrick Cranshaw,2026-06-17,2026-12-28
6142,Patrick Creadon,2026-05-01,
6143,Patrick Cronin,,
6144,Patrick Fabian,2026-12-07,
6145,Patrick Fischler,2026-12-29,
6146,Patrick Fugit,2026-10-27,
6147,Patrick Gallagher,2026-02-21,
6148,Patrick Gilles,,
6149,Patrick Gilmore,2026-06-01,
6150,Patrick Huard,2026-01-02,
6151,Patrick Hughes,,
6152,Patrick Kilpatrick,2026-08-20,
6153,Patrick Lussier,,
6154,Patrick Lyster,,
6155,Patrick Macnee,2026-02-06,2026-06-25
6156,Patrick McGoohan,2026-03-19,2026-01-13
6157,Patrick Meaney,,
6158,Patrick Muldoon,2026-09-27,
6159,Patrick O'Donnell,,
6160,Patrick Read Johnson,2026-05-07,
6161,Patrick Renna,,
6162,Patrick Ryan Sims,,
6163,Patrick St. Esprit,2026-05-18,
6164,Patrick Stettner,,
6165,Patrick Tatopoulos,,
6166,Patrick Troughton,2026-03-25,2026-03-28
6167,Patrick Wayne,2026-08-18,2026-09-14
6168,Patrick Wilson,2026-07-03,
6169,Patsy Kensit,2026-03-04,
6170,Patti D'Arbanville,2026-05-25,
6171,Patti LuPone,2026-04-21,
6172,Patton Oswalt,2026-01-27,
6173,Patty Jenkins,2026-07-24,
6174,Paul Abascal,2026-09-13,
6175,Paul Adelstein,2026-04-29,
6176,Paul Anderson,2026-06-26,
6177,Paul Andrew Williams,,
6178,Paul Barber,2026-03-18,
6179,Paul Bartel,2026-08-06,2026-05-13
6180,Paul Ben-Victor,2026-07-24,
6181,Paul Blackthorne,2026-03-05,
6182,Paul Bolger,,
6183,Paul Borghese,,
6184,Paul Brannigan,,
6185,Paul Brooke,2026-11-22,
6186,Paul Bunnell,2026-08-09,
6187,Paul Crowder,2026-12-30,
6188,Paul Daggett,,
6189,Paul Daniel Ayotte,,
6190,Paul Donovan,2026-06-26,
6191,Paul Dooley,2026-02-22,
6192,Paul Eenhoorn,,
6193,Paul Elia,2026-02-23,
6194,Paul F. Tompkins,2026-09-12,
6195,Paul Feig,2026-09-17,
6196,Paul Fierlinger,2026-03-15,
6197,Paul Fix,,
6198,Paul Fox,,
6199,Paul Freeman,,
6200,Paul Gleason,2026-05-04,2026-05-27
6201,Paul Glover,,
6202,Paul Greengrass,2026-08-13,
6203,Paul Gross,2026-04-30,
6204,Paul Guilfoyle,2026-04-28,
6205,Paul Haggis,2026-03-10,
6206,Paul Hickert,,
6207,Paul Hogan,,
6208,Paul Hunter,,
6209,Paul Kaye,2026-10-13,
6210,Paul King,,
6211,Paul Lukas,1891-05-26,2026-08-16
6212,Paul Mazursky,2026-04-25,2026-06-30
6213,Paul McCartney,2026-06-18,
6214,Paul McGann,2026-11-14,
6215,Paul McGill,,
6216,Paul McGillion,2026-01-05,
6217,Paul McGuigan,2026-09-19,
6218,Paul Michael Glaser,2026-03-25,
6219,Paul Ogola,,
6220,Paul Popplewell,,
6221,Paul Sanchez,,
6222,Paul Scheer,2026-01-31,
6223,Paul Schneider,2026-03-16,
6224,Paul Schrader,2026-07-22,
6225,Paul Scofield,2026-01-21,2026-03-19
6226,Paul Sheehan,,
6227,Paul Sorvino,2026-04-13,
6228,Paul Sparks,2026-10-16,
6229,Paul T. Taylor,,
6230,Paul Thomas Anderson,2026-06-26,
6231,Paul Tibbitt,2026-05-13,
6232,Paul Verhoeven,2026-07-18,
6233,Paul W.S. Anderson,2026-03-04,
6234,Paul Walker,2026-09-12,2026-11-30
6235,Paul Weiland,2026-07-11,
6236,Paul Weitz,2026-11-19,
6237,Paul Williams,2026-09-19,
6238,Paul Winfield,2026-05-22,2026-03-07
6239,Paula Abdul,2026-06-19,
6240,Paula Garcés,2026-03-20,
6241,Paula Jai Parker,2026-08-19,
6242,Paula Kelly,,
6243,Paula Marshall,2026-06-12,
6244,Paulette Goddard,2026-06-03,2026-04-23
6245,Paulina Gerzon,2026-01-27,
6246,Pauline Collins,2026-09-03,
6247,Pauline McLynn,2026-07-11,
6248,Paulo Costanzo,2026-09-21,
6249,Pawel Pawlikowski,2026-09-15,
6250,Pawel Szajda,2026-01-13,
6251,Paz de la Huerta,2026-09-03,
6252,Paz Vega,2026-01-02,
6253,Pece Dingo,,
6254,Pedro Almodóvar,2026-09-25,
6255,Pedro Armendáriz Jr.,2026-04-06,2026-12-26
6256,Pedro Miguel Arce,,
6257,Pei-Pei Cheng,2026-12-04,
6258,Pelé,,
6259,Penelope Ann Miller,2026-01-13,
6260,Penelope Spheeris,2026-12-02,
6261,Penelope Wilton,2026-06-03,
6262,Peng Lin,2026-10-09,
6263,Penn Jillette,2026-03-05,
6264,Penny Balfour,,
6265,Penny Marshall,2026-10-15,
6266,Per Christian Ellefsen,2026-02-14,
6267,Perdita Weeks,2026-12-25,
6268,Perrey Reeves,2026-11-30,
6269,Perry Andelin Blake,,
6270,Perry King,2026-11-29,
6271,Perry Lang,2026-08-19,
6272,Persis Khambatta,2026-10-02,2026-08-18
6273,Petchtai Wongkamlao,,
6274,Pete Docter,2026-10-09,
6275,Pete Jones,,
6276,Pete Travis,,
6277,Peter Agnefjall,,
6278,Peter Appel,2026-10-19,
6279,Peter Atencio,2026-03-15,
6280,Peter Berg,2026-03-11,
6281,Peter Billingsley,2026-04-16,
6282,Peter Boyle,2026-10-18,2026-12-12
6283,Peter Breck,2026-03-13,2026-02-06
6284,Peter Breitmayer,2026-05-29,
6285,Peter Callan,2026-07-28,
6286,Peter Capaldi,2026-04-14,
6287,Peter Care,,
6288,Peter Cattaneo,2026-07-01,
6289,Peter Chelsom,2026-04-20,
6290,Peter Cousens,2026-11-02,
6291,Peter Coyote,2026-10-10,
6292,Peter Cushing,2026-05-26,2026-08-11
6293,Peter Dante,2026-12-16,
6294,Peter DeLuise,2026-11-06,
6295,Peter Dinklage,2026-06-11,
6296,Peter Faiman,,
6297,Péter Fancsikai,,
6298,Peter Farrelly,2026-12-17,
6299,Peter Feeney,,
6300,Peter Finch,2026-09-28,2026-01-14
6301,Peter Firth,2026-09-22,2026-10-17
6302,Peter Flinth,2026-11-07,
6303,Peter Fonda,2026-02-23,
6304,Peter Gallagher,2026-08-19,
6305,Peter Gerety,2026-05-17,
6306,Peter Graves,2026-03-18,2026-03-14
6307,Peter Greene,2026-10-08,
6308,Peter H. Hunt,2026-12-19,
6309,Peter Hastings,,
6310,Peter Hedges,2026-07-06,
6311,Peter Hermann,2026-08-15,
6312,Peter Hewitt,,
6313,Peter Ho-Sun Chan,2026-11-28,
6314,Peter Howitt,2026-05-05,
6315,Peter Hyams,2026-07-26,
6316,Peter Jackson,2026-10-31,
6317,Peter Jacobson,2026-03-24,
6318,Peter Jason,2026-07-22,
6319,Peter Kassovitz,2026-11-17,
6320,Peter Kosminsky,2026-04-21,
6321,Peter Krause,2026-08-12,
6322,Peter Kwong,,
6323,Peter Landesman,,
6324,Peter Lepeniotis,,
6325,Peter Lord,2026-11-04,
6326,Peter M. Cohen,,
6327,Peter MacDonald,,
6328,Peter Mark Richman,2026-04-16,
6329,Peter Marquardt,2026-07-01,2026-07-19
6330,Peter McNamara,,
6331,Peter McNicholl,2026-04-10,
6332,Peter McQuinn,,
6333,Peter Medak,2026-12-23,
6334,Peter Mensah,,
6335,Peter Onorati,2026-05-13,
6336,Peter Ostrum,2026-11-01,
6337,Peter Polycarpou,,
6338,Peter R. Hunt,2026-03-11,2026-08-14
6339,Peter Ramsey,,
6340,Peter Riegert,2026-04-11,
6341,Peter Sallis,2026-02-01,
6342,Peter Scolari,2026-09-12,
6343,Peter Segal,,
6344,Peter Serafinowicz,2026-07-10,
6345,Peter Sohn,2026-10-03,
6346,Peter Sollett,,
6347,Peter Spellos,,
6348,Peter Stebbings,2026-02-28,
6349,Peter Stickles,2026-10-08,
6350,Peter Ustinov,2026-04-16,2026-03-28
6351,Peter Vaughan,2026-04-04,2026-12-06
6352,Peter Webber,,
6353,Peter Weir,2026-08-21,
6354,Peter Wingfield,2026-09-05,
6355,Peter Yates,2026-07-24,2026-01-09
6356,Peter Youngblood Hills,2026-01-28,
6357,Petter N?ss,2026-03-14,
6358,Peyman Moaadi,,
6359,Peyton Reed,2026-07-03,
6360,Pfeifer Brown,,
6361,Phaldut Sharma,,
6362,Phil Alden Robinson,2026-03-01,
6363,Phil Claydon,2026-01-09,
6364,Phil Collins,2026-01-30,
6365,Phil Davis,2026-07-30,
6366,Phil Fish,,
6367,Phil Hartman,2026-09-24,2026-05-28
6368,Phil Joanou,2026-11-20,
6369,Phil LaMarr,2026-01-24,
6370,Phil Leeds,2026-04-06,2026-08-16
6371,Phil Lord,2026-07-12,
6372,Phil Morrison,,
6373,Phil Silvers,2026-05-11,2026-11-01
6374,Phil Traill,2026-06-06,
6375,Phil Vischer,2026-06-16,
6376,Philip Baker Hall,2026-09-10,
6377,Philip Friedman,,
6378,Philip G. Atwell,,
6379,Philip Glenister,2026-02-10,
6380,Philip Kaufman,2026-10-23,
6381,Philip Saville,2026-10-28,2026-12-22
6382,Philip Seymour Hoffman,2026-07-23,2026-02-02
6383,Philip Winchester,2026-03-24,
6384,Philip Zlotorynski,2026-02-25,
6385,Philippe Labro,2026-08-27,
6386,Philippe Leroy,2026-10-15,
6387,Philippe Nahon,2026-12-24,
6388,Philippe Noiret,2026-10-01,2026-11-23
6389,Philippe Petit,,
6390,Phill Lewis,2026-09-04,
6391,Phillip Noyce,2026-04-29,
6392,Phoebe Cates,2026-07-16,
6393,Phoebe Legere,,
6394,Phylicia Rashad,2026-06-19,
6395,Phyllida Law,2026-05-08,
6396,Phyllida Lloyd,2026-06-17,
6397,Phyllis Diller,2026-07-17,2026-08-20
6398,Phyllis Smith,2026-07-10,
6399,Pierfrancesco Favino,2026-08-24,
6400,Piero Maggiò,2026-06-05,
6401,Pierre Coffin,,
6402,Pierre Dulat,2026-08-22,
6403,Pierre Morel,2026-05-12,
6404,Pierre Perrier,,
6405,Pierre Prieur,,
6406,Pink,2026-09-08,
6407,Pip Torrens,2026-06-02,
6408,Piper Laurie,2026-01-22,
6409,Piper Mackenzie Harris,2026-01-26,
6410,Pitof,2026-07-04,
6411,Pixie Davies,,
6412,Piyush Dinker Pandya,2026-04-12,
6413,Polly Noonan,,
6414,Polly Walker,2026-05-19,
6415,Pollyanna McIntosh,2026-03-15,
6416,Poppy Montgomery,2026-06-15,
6417,Portia de Rossi,2026-01-31,
6418,Portia Doubleday,2026-06-22,
6419,Pou-Soi Cheang,,
6420,Powers Boothe,2026-06-01,
6421,Prabhas,2026-10-23,
6422,Prabhudheva,,
6423,Prachya Pinkaew,2026-09-02,
6424,Prateik,,
6425,Preity Zinta,2026-01-31,
6426,Preston A. Whitmore II,2026-06-26,
6427,Priscilla Presley,2026-05-24,
6428,Pruitt Taylor Vince,2026-07-05,
6429,Purab Kohli,,
6430,Purva Bedi,2026-03-12,
6431,Puti Sri Candra Dewi,,
6432,Q'orianka Kilcher,2026-02-11,
6433,Qasim Basir,,
6434,Qi Shu,2026-04-16,
6435,Qiu Yuen,,
6436,Quentin Dupieux,,
6437,Quentin Tarantino,2026-03-27,
6438,Quincy Jones,2026-03-14,
6439,Quinton Aaron,2026-08-15,
6440,Quvenzhané Wallis,2026-08-28,
6441,Quynn Ton,,
6442,R. Balki,,
6443,R. Brandon Johnson,,
6444,R. Marcos Taylor,,
6445,R.J. Cutler,,
6446,Rab Affleck,2026-01-30,
6447,Rachael Carpani,2026-08-24,
6448,Rachael Harris,2026-01-12,
6449,Rachel Alig,,
6450,Rachel Ann Mullins,,
6451,Rachel Blakely,2026-07-28,
6452,Rachel Blanchard,2026-03-19,
6453,Rachel Brosnahan,2026-12-15,
6454,Rachel Crow,,
6455,Rachel Dratch,2026-02-22,
6456,Rachel Goldenberg,,
6457,Rachel Griffiths,2026-12-18,
6458,Rachel Hendrix,,
6459,Rachel Korine,2026-04-04,
6460,Rachel Nash,,
6461,Rachel Perkins,,
6462,Rachel Roberts,2026-09-20,2026-11-26
6463,Rachel Skarsten,2026-04-23,
6464,Rachel Sterling,2026-11-11,
6465,Rachel Talalay,2026-08-16,
6466,Rachel Ticotin,2026-11-01,
6467,Rachel True,2026-11-15,
6468,Radha Mitchell,2026-11-12,
6469,Radivoje Bukvic,2026-11-20,
6470,Rae Dawn Chong,2026-02-28,
6471,Rae'Ven Kelly,2026-06-28,
6472,Rafa Lara,,
6473,Rafe Spall,2026-03-10,
6474,Rai Alexandra,,
6475,Rain,,
6476,Rainn Wilson,2026-01-20,
6477,Raja Gosnell,2026-12-09,
6478,Raja Menon,,
6479,Rajkumar Hirani,2026-11-20,
6480,Rakesh Roshan,2026-09-06,
6481,Rakeysh Omprakash Mehra,2026-07-07,
6482,Rakie Ayola,,
6483,Ralitsa Paskaleva,,
6484,Ralph Bellamy,2026-06-17,2026-11-29
6485,Ralph Brown,2026-06-18,
6486,Ralph Fiennes,2026-12-22,
6487,Ralph Ineson,2026-12-15,
6488,Ralph Nelson,2026-08-12,2026-12-21
6489,Ralph Richardson,2026-12-19,2026-10-10
6490,Ralph Ziman,,
6491,Ramaa Mosley,2026-10-29,
6492,Rami Malek,2026-05-12,
6493,Ramon Rodriguez,,
6494,Ranbir Kapoor,2026-09-28,
6495,Rand Ravich,,
6496,Randal Kleiser,2026-07-20,
6497,Randall 'Tex' Cobb,2026-05-07,
6498,Randall Duk Kim,2026-09-24,
6499,Randall Miller,,
6500,Randall Park,,
6501,Randall Rubin,,
6502,Randall Wallace,2026-07-28,
6503,Randeep Hooda,,
6504,Randy Couture,2026-06-22,
6505,Randy Jay Burrell,2026-08-16,
6506,Randy Jones,,
6507,Randy Moore,2026-04-10,
6508,Randy Quaid,2026-10-01,
6509,Randy Wayne,2026-08-07,
6510,Rania Attieh,,
6511,Ranin Karim,,
6512,Ransford Doherty,,
6513,Raoul Bova,2026-08-14,
6514,Raoul Max Trujillo,2026-05-08,
6515,Raphael Barker,,
6516,Raphael Sbarge,2026-02-12,
6517,Rapulana Seiphemo,2026-11-04,
6518,Raquel Alessi,2026-03-07,
6519,Raquel Elizabeth Ames,,
6520,Raquel Nave,,
6521,Raquel Welch,2026-09-05,
6522,Rasheed Naz,2026-09-09,
6523,Raul Julia,2026-03-09,2026-10-24
6524,Raven Goodwin,2026-06-24,
6525,Raven-Symoné,2026-12-10,
6526,Rawiri Paratene,,
6527,Rawson Marshall Thurber,2026-02-09,
6528,Ray Charles,2026-09-23,2026-06-10
6529,Ray Griggs,,
6530,Ray Lawrence,,
6531,Ray McKinnon,2026-11-15,
6532,Ray Milland,2026-01-03,2026-03-10
6533,Ray Nicholas,,
6534,Ray Romano,2026-12-21,
6535,Ray Walston,2026-12-02,2026-01-01
6536,Ray Winstone,2026-02-19,
6537,Raymond Burr,2026-05-21,2026-09-12
6538,Raymond Cruz,2026-07-09,
6539,Raymond De Felitta,2026-06-30,
6540,Raymond J. Barry,2026-03-14,
6541,Raza Jaffrey,2026-05-28,
6542,Razaaq Adoti,,
6543,Reba McEntire,2026-03-28,
6544,Rebecca Black,2026-06-21,
6545,Rebecca Budig,2026-06-26,
6546,Rebecca Dayan,,
6547,Rebecca De Mornay,2026-08-29,
6548,Rebecca Gayheart,2026-08-12,
6549,Rebecca Mader,2026-04-24,
6550,Rebecca Miller,2026-09-15,
6551,Red Skelton,2026-07-18,2026-09-17
6552,Reda Kateb,2026-07-22,
6553,Redd Foxx,2026-12-09,2026-10-11
6554,Reece Ritchie,2026-07-23,
6555,Reece Thompson,2026-11-22,
6556,Reed Cowan,2026-07-24,
6557,Reef Ireland,,
6558,Reese Mishler,,
6559,Reeve Carney,2026-04-18,
6560,Reg E. Cathey,2026-08-18,
6561,Regardt van den Bergh,,
6562,Reggie Lee,,
6563,Regi Davis,,
6564,Regina Casé,,
6565,Regina Hall,2026-12-12,
6566,Reginald Ballard,,
6567,Reginald Hudlin,2026-12-15,
6568,Reginald Owen,1887-08-05,2026-11-05
6569,Reginald VelJohnson,2026-08-16,
6570,Reid Ewing,,
6571,Reiner Schwarz,,2026-08-30
6572,Reinhard Klooss,,
6573,Rekha,2026-10-10,
6574,Rekha Sharma,,
6575,Remo,2026-07-27,
6576,Rene Auberjonois,2026-06-01,
6577,René Féret,,
6578,Rene Rosado,,
6579,Rene Russo,2026-02-17,
6580,Renée Adorée,,
6581,Renee Faia,,
6582,Renee Leblanc,,
6583,Renee Olstead,2026-06-18,
6584,Renny Harlin,2026-03-15,
6585,Reuben Langdon,2026-07-19,
6586,Revathy,2026-07-08,
6587,Rex Baker,1884-02-08,2026-12-02
6588,Rex Harrison,2026-03-05,2026-06-02
6589,Rex Linn,2026-11-13,
6590,Reza Sixo Safai,,
6591,Rhea Perlman,2026-03-31,
6592,Rhonda Fleming,2026-08-10,
6593,Rhys Coiro,2026-03-12,
6594,Rhys Wakefield,2026-11-20,
6595,Rian Bishop,2026-05-15,
6596,Rian Johnson,2026-12-17,
6597,Ric Roman Waugh,2026-02-20,
6598,Ricardo Chavira,2026-09-01,
6599,Ricardo Darín,,
6600,Ricardo Montalban,2026-11-25,2026-01-14
6601,Riccardo Scamarcio,2026-11-13,
6602,Rich Ceraulo,2026-03-27,
6603,Rich Christiano,2026-10-02,
6604,Rich Cowan,,
6605,Rich Moore,2026-05-10,
6606,Rich Pecci,2026-05-01,
6607,Richard Anderson,,
6608,Richard Attenborough,2026-08-29,2026-08-24
6609,Richard Ayoade,2026-06-12,
6610,Richard Basehart,2026-08-31,2026-09-17
6611,Richard Benjamin,2026-05-22,
6612,Richard Beymer,2026-02-20,
6613,Richard Boddington,,
6614,Richard Brake,2026-02-21,2026-03-17
6615,Richard Brancatisano,2026-10-29,
6616,Richard Briers,2026-01-14,2026-02-17
6617,Richard Brooker,2026-11-20,2026-04-08
6618,Richard Brooks,2026-05-18,2026-03-11
6619,Richard Bull,2026-06-26,2026-02-03
6620,Richard Burgi,2026-07-30,
6621,Richard Burton,2026-11-10,2026-08-05
6622,Richard Cabral,,
6623,Richard Cawthorne,2026-12-03,
6624,Richard Cetrone,,
6625,Richard Coyle,2026-02-27,
6626,Richard Crenna,2026-11-30,2026-01-17
6627,Richard Curtis,2026-11-08,
6628,Richard Dawson,2026-11-20,2026-06-02
6629,Richard Donner,2026-04-24,
6630,Richard Dutcher,,
6631,Richard Dysart,2026-03-30,2026-04-05
6632,Richard E. Grant,2026-05-05,
6633,Richard Epcar,2026-04-29,
6634,Richard Eyre,2026-03-28,
6635,Richard Farnsworth,2026-09-01,2026-10-06
6636,Richard Fleischer,2026-12-08,2026-03-25
6637,Richard Gant,2026-05-05,
6638,Richard Glatzer,2026-01-28,2026-03-10
6639,Richard Glover,,
6640,Richard Graham,,
6641,Richard Howland,,
6642,Richard J. Lewis,,
6643,Richard Jaeckel,2026-10-10,2026-06-14
6644,Richard Jewell,,
6645,Richard Johnson,,
6646,Richard Kelly,2026-03-28,
6647,Richard Kwietniowski,2026-03-17,
6648,Richard LaGravenese,2026-10-30,
6649,Richard Lawson,2026-11-20,2026-06-02
6650,Richard Lester,2026-01-19,
6651,Richard Libertini,2026-05-21,2026-01-07
6652,Richard Linklater,2026-07-30,
6653,Richard Loncraine,2026-10-20,
6654,Richard Lynch,2026-02-12,2026-06-19
6655,Richard Marquand,2026-09-22,2026-09-04
6656,Richard Masur,2026-11-20,
6657,Richard Moll,2026-01-13,
6658,Richard Montoya,,
6659,Richard Norton,2026-06-12,
6660,Richard Portnow,,
6661,Richard Raymond,,
6662,Richard Rich,2026-09-09,
6663,Richard Roundtree,2026-07-09,
6664,Richard Roxburgh,2026-01-23,
6665,Richard Sammel,2026-08-29,2026-08-24
6666,Richard Schenkman,2026-03-06,
6667,Richard Schiff,2026-05-27,
6668,Richard Shepard,,
6669,Richard Spore,2026-03-23,
6670,Richard T. Jones,2026-11-12,2026-12-12
6671,Richard Thomas,2026-06-13,
6672,Richard Tyson,2026-02-13,
6673,Richard Wallace,2026-02-12,
6674,Richard Williams,2026-11-10,
6675,Richard Wilson,2026-07-09,
6676,Rick Aviles,2026-10-14,2026-03-17
6677,Rick Bieber,,
6678,Rick de Oliveira,2026-07-23,
6679,Rick Dial,2026-03-09,2026-05-28
6680,Rick Famuyiwa,2026-06-18,
6681,Rick Fox,,
6682,Rick Friedberg,,
6683,Rick Gomez,2026-06-01,
6684,Rick Gonzalez,2026-06-30,
6685,Rick Hoffman,2026-06-12,
6686,Rick Macy,2026-10-18,
6687,Rick Rosenthal,2026-06-15,
6688,Rick Rossovich,2026-08-28,
6689,Rick Worthy,2026-03-12,
6690,Rick Yune,2026-08-22,
6691,Ricki Stern,,
6692,Ricky Catter,,
6693,Ricky Gervais,2026-06-25,
6694,Ricky Jay,,
6695,Ricky Martin,2026-12-24,
6696,Ricky Schroder,2026-04-13,
6697,Ridley Scott,2026-11-30,
6698,Rie Miyazawa,2026-04-06,
6699,Rie Rasmussen,2026-02-14,
6700,Rijk de Gooyer,2026-12-17,2026-11-02
6701,Riki Lindhome,2026-03-05,
6702,Rila Fukushima,,
6703,Riley Smith,2026-04-12,
6704,Riley Thomas Stewart,,
6705,Ringo Lam,,
6706,Ringo Starr,2026-07-07,
6707,Rip Torn,2026-02-06,
6708,Risa Bramon Garcia,,
6709,Rita Davies,,
6710,Rita Hayworth,2026-10-17,2026-05-14
6711,Rita Maiden,,
6712,Rita Merson,,
6713,Rita Moreno,2026-12-11,
6714,Rita Wilson,2026-10-26,
6715,Ritchie Coster,2026-07-01,
6716,Ritchie Montgomery,,
6717,Riteish Deshmukh,2026-12-17,
6718,Ritesh Batra,2026-06-12,
6719,Riz Ahmed,2026-12-01,
6720,Rizwan Manji,2026-10-17,
6721,Rob Bowman,2026-05-15,
6722,Rob Brown,,
6723,Rob Brydon,2026-05-03,
6724,Rob Campbell,,
6725,Rob Cohen,2026-07-15,
6726,Rob Hawk,,
6727,Rob Hedden,,
6728,Rob Huebel,2026-06-04,
6729,Rob Jarvis,,
6730,Rob Letterman,,
6731,Rob Marshall,2026-10-17,
6732,Rob McElhenney,2026-04-14,
6733,Rob McKittrick,,
6734,Rob Minkoff,,
6735,Rob Moran,,
6736,Rob Morrow,2026-09-21,
6737,Rob Paulsen,2026-03-11,
6738,Rob Pritts,,
6739,Rob Reiner,2026-03-06,
6740,Rob Riggle,2026-04-21,
6741,Rob Schmidt,2026-09-25,
6742,Rob Zombie,2026-05-06,
6743,Robb Wells,,
6744,Robbie Barnes,2026-08-06,
6745,Robbie Kay,2026-09-13,
6746,Robby Henson,2026-01-21,
6747,Robert Adetuyi,,
6748,Robert Altman,2026-02-20,2026-11-20
6749,Robert Amaya,,
6750,Robert B. Weide,2026-06-20,
6751,Robert Baker,,
6752,Robert Beltran,2026-11-19,
6753,Robert Ben Garant,2026-09-14,
6754,Robert Bennett,,
6755,Robert Blake,2026-09-18,
6756,Robert Butler,2026-11-17,
6757,Robert C. Cooper,2026-10-14,
6758,Robert Capron,2026-07-09,
6759,Robert Cary,2026-12-11,
6760,Robert Clohessy,2026-06-10,
6761,Robert Costanzo,,
6762,Robert D. Webb,2026-09-29,
6763,Robert Davi,2026-06-26,
6764,Robert De Niro,2026-08-17,
6765,Robert Downey Jr.,2026-04-04,
6766,Robert Duvall,2026-01-05,
6767,Robert Eggers,,
6768,Robert Fontaine,2026-01-19,2026-05-13
6769,Robert Forster,2026-07-13,
6770,Robert Foxworth,2026-11-01,
6771,Robert Greenwald,2026-08-28,
6772,Robert Hall,,
6773,Robert Harmon,,
6774,Robert Heath,,
6775,Robert Hobbs,,
6776,Robert Iscove,2026-07-04,
6777,Robert J. Wilke,2026-05-18,2026-03-28
6778,Robert John Burke,2026-09-12,
6779,Robert Kennedy Jr.,2026-01-17,
6780,Robert Kenner,,
6781,Robert Lee King,,
6782,Robert Longstreet,,
6783,Robert Lopez,2026-02-23,
6784,Robert Lorenz,,
6785,Robert Luketic,2026-11-01,
6786,Robert M. Young,2026-02-22,2026-07-21
6787,Robert Maillet,2026-10-26,
6788,Robert Marcarelli,,
6789,Robert McKee,,
6790,Robert Miano,2026-09-25,
6791,Robert Mitchum,2026-08-06,2026-07-01
6792,Robert Moresco,,
6793,Robert Mulligan,2026-08-23,2026-12-20
6794,Robert Neary,2026-03-08,
6795,Robert Noble,,
6796,Robert Pattinson,2026-05-13,
6797,Robert Peters,2026-07-20,
6798,Robert Picardo,2026-10-27,
6799,Robert Pine,2026-07-10,
6800,Robert Pralgo,2026-06-04,
6801,Robert Prosky,2026-12-13,2026-12-08
6802,Robert Redford,2026-08-18,
6803,Robert Ri'chard,2026-01-07,
6804,Robert Rodriguez,2026-06-20,
6805,Robert Rossen,2026-03-16,2026-02-18
6806,Robert Rusler,2026-09-20,
6807,Robert Sarkies,,
6808,Robert Schwentke,,
6809,Robert Shaw,1837-10-10,1863-07-18
6810,Robert Stadlober,2026-08-03,
6811,Robert Stevenson,2026-03-31,2026-04-30
6812,Robert Stromberg,,
6813,Robert Taylor,2026-08-05,2026-06-08
6814,Robert Towne,2026-11-23,
6815,Robert Townsend,2026-02-06,
6816,Robert Turano,,
6817,Robert Urich,2026-12-19,2026-04-16
6818,Robert Vaughn,2026-11-22,2026-11-11
6819,Robert Wagner,2026-02-10,
6820,Robert Wahlberg,2026-06-05,
6821,Robert Wise,2026-09-10,2026-09-14
6822,Robert Zemeckis,2026-05-14,
6823,Roberta Valderrama,,
6824,Roberts Blossom,2026-03-25,2026-07-08
6825,Robin Atkin Downes,2026-09-06,
6826,Robin Bartlett,2026-04-22,
6827,Robin Budd,,
6828,Robin Givens,2026-11-27,
6829,Robin Lord Taylor,2026-06-04,
6830,Robin McLeavy,2026-06-19,
6831,Robin Sachs,2026-02-05,2026-02-01
6832,Robin Shou,2026-07-17,
6833,Robin Weigert,2026-07-07,
6834,Robin Williams,2026-07-21,2026-08-11
6835,Robin Wright,2026-04-08,
6836,Robinne Lee,2026-07-16,
6837,Robinson Devor,,
6838,Robyn Lively,2026-02-07,
6839,Rock Hudson,2026-11-17,2026-10-02
6840,Rod Lurie,2026-05-15,
6841,Rod Steiger,2026-04-14,2026-07-09
6842,Roddy McDowall,2026-09-17,2026-10-03
6843,Rodger Bumpass,2026-11-20,
6844,Rodman Flender,2026-06-09,
6845,Rodney Dangerfield,2026-11-22,2026-10-05
6846,Rodney Eastman,2026-07-20,
6847,Rodrigo Cortés,,
6848,Rodrigo De la Serna,2026-04-18,
6849,Rodrigo García,2026-08-24,
6850,Roger Allam,2026-10-26,
6851,Roger Allers,,
6852,Roger Ashton-Griffiths,2026-01-19,
6853,Roger Avary,2026-08-23,
6854,Roger Bart,2026-09-29,
6855,Roger Christian,2026-02-25,
6856,Roger Cross,2026-09-16,
6857,Roger Donaldson,2026-11-15,
6858,Roger Guenveur Smith,2026-07-27,
6859,Roger Jackson,2026-07-13,
6860,Roger Kumble,2026-05-28,
6861,Roger Lloyd Pack,2026-02-08,2026-01-15
6862,Roger Michell,2026-06-05,
6863,Roger Nygard,2026-03-28,
6864,Roger Rees,2026-05-05,2026-07-10
6865,Roger Spottiswoode,2026-01-05,
6866,Roger Vadim,2026-01-26,2026-02-11
6867,Roger Willie,,
6868,Rohan Sippy,,
6869,Rohit Jagessar,,
6870,Rohit Jugraj,,
6871,Roland Emmerich,2026-11-10,
6872,Roland Joffé,2026-11-17,
6873,Roland Suso Richter,2026-01-07,
6874,Rolando Molina,2026-08-13,
6875,Rollo Weeks,2026-03-20,
6876,Roma Downey,2026-05-06,
6877,Roma Maffia,2026-05-31,
6878,Romain Duris,2026-05-28,
6879,Roman Polanski,2026-08-18,
6880,Romane Bohringer,2026-08-14,
6881,Romany Malco,2026-11-18,
6882,Romeo Miller,2026-08-19,
6883,Romesh Sharma,2026-07-27,
6884,Romi Aboulafia,2026-01-21,
6885,Romola Garai,2026-08-06,
6886,Ron Clements,2026-04-25,
6887,Ron Eldard,2026-02-20,
6888,Ron Fricke,,
6889,Ron Gelner,,
6890,Ron Howard,2026-03-01,
6891,Ron Lester,2026-03-08,
6892,Ron Maxwell,,
6893,Ron Moody,2026-01-08,2026-06-11
6894,Ron Palillo,2026-04-02,2026-08-14
6895,Ron Rifkin,2026-10-31,
6896,Ron Roggé,2026-10-16,
6897,Ron Shelton,,
6898,Ron Silver,2026-07-02,2026-03-15
6899,Ron Underwood,2026-11-06,
6900,Ronald Colman,1891-02-09,2026-05-19
6901,Ronald Neame,2026-04-23,2026-06-16
6902,Ronald Pickup,2026-06-07,
6903,Ronald Reagan,2026-04-19,
6904,Ronan Chapalain,,
6905,Ronee Collins,,
6906,Ronit Elkabetz,2026-11-27,2026-04-19
6907,Ronnie Gene Blevins,2026-06-20,
6908,Ronnie Lazaro,2026-11-14,
6909,Ronny Cox,,
6910,Ronny Dayag,,
6911,Ronny Yu,,
6912,Rorke Denver,,
6913,Rory Cochrane,2026-02-28,
6914,Rory Culkin,2026-07-21,
6915,Rory Kinnear,2026-02-17,
6916,Rosa Salazar,,
6917,Rosalind Ayres,2026-12-07,
6918,Rosalind Chao,2026-09-23,
6919,Rosalind Harris,,
6920,Rosanna Arquette,2026-08-10,
6921,Rosanna DeSoto,2026-09-02,
6922,Rosario Dawson,2026-05-09,
6923,Roschdy Zem,2026-09-28,
6924,Roscoe Lee Browne,2026-05-02,2026-04-11
6925,Rose Marie,2026-08-15,
6926,Roseanne Barr,2026-11-03,
6927,Rosemarie DeWitt,2026-10-26,
6928,Roshan Seth,2026-04-02,
6929,Rosie O'Donnell,2026-03-21,
6930,Rosie Perez,2026-09-06,
6931,Rosie Traynor,,
6932,Ross Elliott,2026-06-18,2026-08-12
6933,Rowan Isaacson,,
6934,Rowan Joffe,,
6935,Rowdy Herrington,,
6936,Roxane Duran,,
6937,Roxanne McKee,2026-08-10,
6938,Roy Billing,,
6939,Roy Dupuis,2026-04-21,
6940,Roy Scheider,2026-11-10,2026-02-10
6941,Royal Dano,2026-11-16,2026-05-15
6942,Ruairi Robinson,2026-02-15,
6943,Ruba Nadda,2026-12-06,
6944,Ruben Fleischer,2026-10-31,
6945,Ruby Dee,2026-10-27,2026-06-11
6946,Ruby Harris,,
6947,Ruby Jerins,2026-04-10,
6948,Ruby Lin,2026-01-27,
6949,Rüdiger Vogler,2026-05-14,
6950,Rudolf Klein-Rogge,1885-11-24,2026-04-30
6951,Rudy Youngblood,2026-09-21,
6952,Rufus Graham,,
6953,Rufus Sewell,2026-10-29,
6954,Ruggero Deodato,2026-05-07,
6955,Rumer Willis,2026-08-16,
6956,Rumi Hiiragi,2026-08-01,
6957,Rumi Missabu,,
6958,Rupert Evans,2026-03-09,
6959,Rupert Everett,2026-05-29,
6960,Rupert Graves,2026-06-30,
6961,Rupert Grint,2026-08-24,
6962,Rupert Sanders,2026-03-16,
6963,Rupert Wainwright,2026-11-30,
6964,Rupert Wyatt,2026-10-26,
6965,Rus Blackwell,2026-03-23,
6966,Russ Meyer,2026-03-21,2026-09-18
6967,Russ Tamblyn,2026-12-30,
6968,Russell Crowe,2026-04-07,
6969,Russell Friedenberg,2026-02-10,
6970,Russell Hodgkinson,2026-08-14,
6971,Russell Holt,,
6972,Russell Mulcahy,2026-06-23,
6973,Russell Peters,2026-09-29,
6974,Russell Tovey,2026-11-14,
6975,Russell Wong,2026-03-01,
6976,Russi Taylor,2026-05-04,
6977,Rusty Cundieff,2026-12-13,
6978,Ruth Negga,2026-01-07,
6979,Ruth Sheen,,
6980,Ruth Wilson,2026-01-13,
6981,Ryan Bollman,2026-08-09,
6982,Ryan Carnes,2026-11-21,
6983,Ryan Cartwright,2026-03-14,
6984,Ryan Coogler,2026-05-23,
6985,Ryan Corr,2026-01-15,
6986,Ryan Donowho,2026-09-20,
6987,Ryan Fleck,2026-09-20,
6988,Ryan Gosling,2026-11-12,
6989,Ryan Guzman,2026-09-21,
6990,Ryan Kennedy,2026-12-06,
6991,Ryan Kruger,,
6992,Ryan Little,2026-03-28,
6993,Ryan McDonald,,
6994,Ryan Murphy,2026-11-30,
6995,Ryan O'Neal,2026-04-20,
6996,Ryan Reynolds,2026-10-23,
6997,Ryan Robbins,2026-11-26,
6998,Ryan Smith,,
6999,Ry?ko Hirosue,2026-07-18,
7000,Ryu Kohata,,
7001,Ry?hei Kitamura,2026-05-30,
7002,Ry?nosuke Kamiki,2026-05-19,
7003,RZA,2026-07-05,
7004,S. Epatha Merkerson,2026-11-28,
7005,S. William Hinzman,2026-10-24,2026-02-05
7006,S.R. Bindler,2026-02-14,
7007,S.S. Rajamouli,,
7008,Saad Siddiqui,2026-04-24,
7009,Sabrina Carmichael,2026-07-11,
7010,Sabrina Ferilli,2026-06-28,
7011,Sabrina Revelle,,
7012,Sacha Bennett,2026-05-11,
7013,Sachiko Ishida,2026-09-12,
7014,Sadyk Sher-Niyaz,2026-03-10,
7015,Saeed Jaffrey,2026-01-08,2026-11-15
7016,Saffron Burrows,2026-10-22,
7017,Sahajak Boonthanakit,,
7018,Sai Varadan,,
7019,Sa?d Taghmaoui,2026-07-19,
7020,Saif Ali Khan,2026-08-16,
7021,Sajid Khan,2026-08-16,
7022,Sakae Kimura,2026-09-06,
7023,Sakina Jaffrey,2026-02-14,
7024,Sal Lopez,2026-11-08,
7025,Sal Mineo,2026-01-10,2026-02-12
7026,Salim Akil,2026-06-22,
7027,Salli Richardson-Whitfield,2026-11-23,
7028,Sally Hawkins,2026-04-27,
7029,Sally Kirkland,2026-10-31,
7030,Sally Potter,2026-09-19,
7031,Salma Hayek,2026-09-02,
7032,Salvador Carrasco,2026-06-16,
7033,Salvator Xuereb,2026-11-17,
7034,Salvatore Santone,2026-07-07,
7035,Sam Adams,,
7036,Sam Anderson,2026-04-02,
7037,Sam Claflin,2026-06-27,
7038,Sam Edwards,2026-11-11,
7039,Sam Fell,,
7040,Sam Firstenberg,2026-03-13,
7041,Sam J. Jones,2026-08-12,
7042,Sam Jaeger,2026-01-29,
7043,Sam Lerner,2026-09-27,
7044,Sam Levinson,,
7045,Sam Lloyd,2026-11-12,
7046,Sam Martin,,
7047,Sam McMurray,2026-04-15,
7048,Sam Medina,,
7049,Sam Mendes,2026-08-01,
7050,Sam Miller,2026-09-28,
7051,Sam Peckinpah,2026-02-21,2026-12-28
7052,Sam Raimi,2026-10-23,
7053,Sam Reid,2026-02-19,
7054,Sam Riley,2026-01-08,
7055,Sam Shepard,2026-11-05,
7056,Sam Taylor-Johnson,2026-03-04,
7057,Sam Trammell,2026-01-29,
7058,Sam Waterston,2026-11-15,
7059,Sam Weisman,,
7060,Samaire Armstrong,2026-10-31,
7061,Samantha Barks,2026-10-02,
7062,Samantha Buck,2026-12-20,
7063,Samantha Eggar,2026-03-05,
7064,Samantha Esteban,2026-10-25,
7065,Samantha Futerman,2026-11-19,
7066,Samantha Ivers,2026-11-29,
7067,Samantha Mathis,2026-05-12,
7068,Samantha McLeod,,
7069,Samantha Morton,2026-05-13,
7070,Sameer Ali Khan,,
7071,Sami Gayle,2026-01-22,
7072,Samira Wiley,,
7073,Samm Levine,2026-03-12,
7074,Sammo Kam-Bo Hung,2026-01-07,
7075,Sammy Davis Jr.,2026-12-08,2026-05-16
7076,Sammy Nagi Njuguna,,
7077,Samuel Davis,2026-12-08,2026-05-16
7078,Samuel Roukin,2026-08-15,
7079,Samuel West,2026-06-19,
7080,Sana Saeed,2026-09-22,
7081,Sanaa Hamri,,
7082,Sanaa Lathan,2026-09-19,
7083,Sandahl Bergman,2026-11-14,
7084,Sandra Echeverría,2026-12-11,
7085,Sandra Ellis Lafferty,2026-08-02,
7086,Sandra Nelson,2026-12-29,
7087,Sandra Staggs,,
7088,Sandra Vergara,,
7089,Sandrine Holt,2026-11-19,
7090,Sandrine Kiberlain,2026-02-25,
7091,Sandy Dennis,,
7092,Sanjay Dutt,2026-07-29,
7093,Sanjay Mishra,,
7094,Sanjay Rawal,,
7095,Sanoe Lake,2026-05-19,
7096,Santiago Cabrera,2026-05-05,
7097,Santiago Segura,2026-07-17,
7098,Sara Forestier,2026-10-04,
7099,Sara Gilbert,2026-01-29,
7100,Sara Newens,,
7101,Sara Stepnicka,,
7102,Sara Stewart,2026-06-28,
7103,Sara Sugarman,2026-10-13,
7104,Sara-Marie Maltha,2026-11-30,
7105,Sarah Butler,2026-02-11,
7106,Sarah Callan,,
7107,Sarah Carter,2026-10-30,
7108,Sarah Clarke,2026-02-16,
7109,Sarah Douglas,2026-12-12,
7110,Sarah Drew,2026-10-01,
7111,Sarah Gadon,2026-04-04,
7112,Sarah Gavron,,
7113,Sarah Kazemy,,
7114,Sarah Lind,2026-07-22,
7115,Sarah Michelle Gellar,2026-04-14,
7116,Sarah Murphy-Dyson,,
7117,Sarah Parish,2026-06-07,
7118,Sarah Polley,2026-01-08,
7119,Sarah Rafferty,2026-12-06,
7120,Sarah Roemer,2026-08-28,
7121,Sarah Silverman,2026-12-01,
7122,Sarah Smith,,
7123,Sarah Solemani,2026-09-04,
7124,Sarah Steele,2026-09-16,
7125,Sarah Wright,2026-09-28,
7126,Sarah Wynter,2026-02-15,
7127,Sarain Boylan,,
7128,Sariann Monaco,,
7129,Sarik Andreasyan,2026-08-24,
7130,Sarita Choudhury,2026-08-18,
7131,Sarunyu Wongkrachang,,
7132,Sasha Alexander,2026-05-17,
7133,Sasha Roiz,2026-10-21,
7134,Satish Kaushik,2026-04-13,
7135,Satoshi Tsumabuki,2026-12-13,
7136,Saul Dibb,,
7137,Saul Stein,,
7138,Saul Williams,2026-09-19,
7139,Saurabh Shukla,2026-03-05,
7140,Sayed Badreya,,
7141,Scandar Copti,,
7142,Scarlett Johansson,2026-11-22,
7143,Scatman Crothers,2026-05-23,2026-11-22
7144,Scoot McNairy,2026-11-11,
7145,Scott A. Martin,,
7146,Scott Adsit,2026-11-26,
7147,Scott Alexander,2026-06-16,
7148,Scott Baio,2026-09-22,
7149,Scott Cohen,2026-12-19,
7150,Scott Cooper,,
7151,Scott Derrickson,2026-07-16,
7152,Scott Dow,,
7153,Scott Elrod,2026-02-10,
7154,Scott Evans,,
7155,Scott Foley,2026-07-15,
7156,Scott Frank,2026-03-10,
7157,Scott Glenn,2026-01-26,
7158,Scott Grimes,2026-07-09,
7159,Scott Handy,2026-07-21,
7160,Scott Helvenston,2026-06-21,2026-03-31
7161,Scott Hicks,2026-03-04,
7162,Scott Kalvert,2026-08-15,2026-03-05
7163,Scott Lawrence,2026-09-27,
7164,Scott Levy,,
7165,Scott Mann,,
7166,Scott Marshall,,
7167,Scott Mechlowicz,2026-01-17,
7168,Scott Patterson,2026-09-11,
7169,Scott Porter,2026-07-14,
7170,Scott Reeves,2026-05-16,
7171,Scott Schwartz,,
7172,Scott Smith,2026-07-13,
7173,Scott Speer,,
7174,Scott Stewart,2026-10-09,
7175,Scott Takeda,2026-03-21,
7176,Scott Vance,2026-02-22,
7177,Scott Walker,,
7178,Scott Waugh,,
7179,Scott Weinger,2026-10-05,
7180,Scott Wolf,2026-06-04,
7181,Scott Ziehl,,
7182,Scout Taylor-Compton,2026-02-21,
7183,Seamus Davey-Fitzpatrick,2026-12-29,
7184,Sean Anders,,
7185,Sean Buchanan,2026-09-30,
7186,Sean Byrne,,
7187,Sean Cameron Michael,2026-12-24,
7188,Sean Connery,2026-08-25,
7189,Sean Cook,,
7190,Sean Durkin,,
7191,Sean Harris,,
7192,Sean Hayes,2026-06-26,
7193,Sean Huze,2026-01-18,
7194,Sean Keenan,2026-01-18,
7195,Sean Kingston,2026-02-03,
7196,Sean Lennon,2026-10-09,
7197,Sean Maher,2026-04-16,
7198,Sean McNamara,2026-05-09,
7199,Sean Michael Afable,2026-11-20,
7200,Sean Patrick Thomas,2026-12-17,
7201,Sean Penn,2026-08-17,
7202,Sean Pertwee,2026-06-04,
7203,Sean Rogerson,2026-09-30,
7204,Sean Whalen,2026-05-19,
7205,Sean Young,2026-11-20,
7206,Sebastian Aguilar,,
7207,Sebastian Blomberg,2026-05-24,
7208,Sebastian Koch,2026-05-31,
7209,Sebastian Roché,,
7210,Sebastian Schipper,2026-05-08,
7211,Sedona James,,
7212,Sedona Legge,,
7213,Seema Biswas,,
7214,Sela Ward,2026-07-11,
7215,Selton Mello,2026-12-30,
7216,Sendhil Ramamurthy,2026-05-17,
7217,Ser'Darius Blain,,
7218,Serdar Akar,,
7219,Seregon O'Dassey,2026-07-03,
7220,Serena Grandi,2026-03-23,
7221,Serena Scott Thomas,2026-09-21,
7222,Sergej Trifunovic,2026-09-02,
7223,Sergey Bodrov,2026-06-28,
7224,Sergey Bondarchuk,2026-09-25,2026-10-20
7225,Sergey Garmash,2026-09-01,
7226,Sergi López,2026-12-22,
7227,Sergio Calderón,2026-12-09,2026-01-26
7228,Sergio Leone,2026-01-03,2026-04-30
7229,Sessue Hayakawa,1889-06-10,2026-11-23
7230,Seth Ackerman,,
7231,Seth Gabel,2026-10-03,
7232,Seth Gilliam,2026-11-05,
7233,Seth Gordon,,
7234,Seth MacFarlane,2026-10-26,
7235,Seth Meyers,2026-12-28,
7236,Seu Jorge,2026-06-08,
7237,Seychelle Gabriel,2026-03-25,
7238,Seymour Cassel,2026-01-22,
7239,Shabana Azmi,2026-09-18,
7240,Shad Moss,2026-03-09,
7241,Shah Rukh Khan,2026-11-02,
7242,Shahab Hosseini,2026-02-03,
7243,Shahir Kabaha,,
7244,Shailene Garnett,,
7245,Shailene Woodley,2026-11-15,
7246,Shakti Kapoor,2026-09-03,
7247,Shana Feste,2026-08-28,
7248,Shane Acker,,
7249,Shane Black,2026-12-16,
7250,Shane Brolly,2026-03-06,
7251,Shane Carruth,,
7252,Shane Dawson,,
7253,Shane Hartline,,
7254,Shane Meadows,2026-12-26,
7255,Shane Pollard,,
7256,Shane Rangi,2026-02-03,
7257,Shanley Caswell,2026-12-03,
7258,Shannen Fields,,
7259,Shannon Elizabeth,2026-09-07,
7260,Shannon Tweed,2026-03-10,
7261,Shannon Woodward,2026-12-17,
7262,Shantel VanSanten,2026-07-25,
7263,Sharat Saxena,2026-08-17,
7264,Shari Albert,2026-07-09,
7265,Shari Springer Berman,2026-07-13,
7266,Sharlto Copley,2026-11-27,
7267,Sharon Greytak,,
7268,Sharon Lawrence,2026-06-29,
7269,Sharon Leal,2026-10-17,
7270,Sharon Maguire,,
7271,Sharon Small,2026-01-01,
7272,Sharron Miller,,
7273,Shaun Evans,,
7274,Shaun O'Hagan,2026-07-24,
7275,Shaun Parkes,2026-02-09,
7276,Shaun Sipos,2026-10-30,
7277,Shaun Toub,,
7278,Shaun Weiss,2026-08-27,
7279,Shauna Macdonald,2026-10-06,
7280,Shawn Andrews,2026-10-15,
7281,Shawn Christian,2026-12-18,
7282,Shawn Doyle,,
7283,Shawn Hatosy,2026-12-29,
7284,Shawn Levy,2026-07-23,
7285,Shawn Parsons,2026-07-03,
7286,Shawn Roberts,,
7287,Shawn Yue,2026-11-13,
7288,Shawna Waldron,2026-01-25,
7289,Shawnee Smith,2026-07-03,
7290,Shazahn Padamsee,2026-10-19,
7291,Shea Whigham,2026-01-05,
7292,Sheila Hancock,2026-02-22,
7293,Shekar,,
7294,Shekhar Kapur,2026-12-06,
7295,Shelby Vischer,,
7296,Sheldon Bailey,,
7297,Sheldon Leonard,2026-02-22,2026-01-10
7298,Sheldon Lettich,2026-01-14,
7299,Shelley Conn,2026-09-21,
7300,Shelley Duvall,2026-07-07,
7301,Shelley Hennig,2026-01-02,
7302,Shelley Long,2026-08-23,
7303,Shelley Waggener,2026-09-30,
7304,Shelley Winters,2026-08-18,2026-01-14
7305,Shelly Varod,,
7306,Shenae Grimes-Beech,2026-10-24,
7307,Shengyi Huang,2026-02-11,
7308,Sheridan Smith,2026-06-25,
7309,Sherman Alexie,2026-10-07,
7310,Sherman Hemsley,2026-02-01,2026-07-24
7311,Sherri Shepherd,2026-04-22,
7312,Sheryl Crow,2026-02-11,
7313,Sheryl Lee,2026-12-30,
7314,Shid? Nakamura,2026-09-14,
7315,Shigeo Kobayashi,,
7316,Shimit Amin,,
7317,Shin'ya Tsukamoto,2026-01-01,
7318,Shinji Aramaki,2026-10-02,
7319,Shinobu Terajima,2026-12-28,
7320,Shintaro Shimosawa,,
7321,Shiree Nelson,2026-09-12,
7322,Shiri Appleby,2026-12-07,
7323,Shirley Douglas,2026-04-02,
7324,Shirley Henderson,2026-11-24,
7325,Shirley Jones,2026-03-31,
7326,Shirley Knight,2026-07-05,
7327,Sh? Kosugi,2026-05-25,
7328,Shobu Kapoor,,
7329,Shona Auerbach,,
7330,Shona Kay,,
7331,Shriman Umeshanad Brahmachari,,
7332,Shriya Saran,2026-09-11,
7333,Shun Oguri,2026-12-26,
7334,Shyam Madiraju,,
7335,Si Won Choi,2026-04-07,
7336,Sid Caesar,2026-09-08,2026-02-12
7337,Sid Haig,2026-07-14,
7338,Siddharth Anand,,
7339,Siddiq Barmak,2026-09-07,
7340,Sidney J. Furie,2026-02-28,
7341,Sidney James,2026-05-08,2026-04-26
7342,Sidney Lumet,2026-06-25,2026-04-09
7343,Sienna Beckman,,
7344,Sierra McCormick,2026-10-28,
7345,Sigrí?ur María Egilsdóttir,,
7346,Sihung Lung,2026-01-01,2026-05-02
7347,Silvia Colloca,2026-07-23,
7348,Silvio Muccino,2026-04-14,
7349,Simeon Rice,2026-02-24,
7350,Simon Abkarian,2026-03-05,
7351,Simón Andreu,2026-01-01,
7352,Simon Baker,2026-07-30,
7353,Simon Baron-Cohen,,
7354,Simon Callow,2026-06-13,
7355,Simon Chandler,,
7356,Simon Curtis,2026-03-11,
7357,Simon McBurney,2026-08-25,
7358,Simon Merrells,2026-07-14,
7359,Simon Napier-Bell,2026-04-22,
7360,Simon Rhee,2026-10-28,
7361,Simon Wells,,
7362,Simon West,2026-09-25,
7363,Simon Wincer,,
7364,Simon Woods,,
7365,Simon Yam,2026-03-19,
7366,Simon Yin,2026-06-06,2026-03-08
7367,Sina Amedson,2026-04-05,
7368,Siobhan Fallon Hogan,2026-05-13,
7369,Siobhan Marshall,,
7370,Sissy Petropoulou,,
7371,Sissy Spacek,2026-12-25,
7372,Siu-Wong Fan,2026-06-19,
7373,Ski Carr,,
7374,Skye McCole Bartusiak,2026-09-28,2026-07-19
7375,Skyler Samuels,2026-04-14,
7376,Slash,2026-07-23,
7377,Slim Pickens,2026-06-29,2026-12-08
7378,Sngmoo Lee,,
7379,Snoop Dogg,2026-10-20,
7380,Sofia Black-D'Elia,2026-12-23,
7381,Sofia Boutella,2026-04-06,
7382,Sofia Coppola,2026-05-14,
7383,Sofia Vassilieva,2026-10-22,
7384,Sofie Gr?b?l,2026-07-30,
7385,Sol Tryon,,
7386,Soledad Villamil,2026-06-19,
7387,Soleyman Pierini,,
7388,Sonam Kinga,,
7389,Sonia Braga,2026-06-08,
7390,Sonja Sohn,,
7391,Sonoya Mizuno,,
7392,Sook-Yin Lee,,
7393,Sophia Myles,2026-03-18,
7394,Sophie Nélisse,2026-03-27,
7395,Sophie Okonedo,2026-08-11,
7396,Sophie Rois,2026-06-01,
7397,Spela Colja,,
7398,Spencer Breslin,2026-05-18,
7399,Spencer Susser,,
7400,Spencer Tracy,2026-04-05,2026-06-10
7401,Spencer Treat Clark,2026-09-24,
7402,Spencer Wilding,2026-07-26,
7403,Spike Jonze,2026-10-22,
7404,Spike Lee,2026-03-20,
7405,Sprague Grayden,2026-07-21,
7406,Spring Byington,1886-10-17,2026-09-07
7407,Stacie Evans,,
7408,Stacy Edwards,2026-03-04,
7409,Stacy Keach,2026-06-02,
7410,Stacy Peralta,2026-10-15,
7411,Stafford Douglas,,
7412,Stana Roumillac,,
7413,Stanislav Ianevski,2026-05-16,
7414,Stanley B. Herman,,
7415,Stanley Blystone,1894-08-01,2026-07-16
7416,Stanley Donen,2026-04-13,
7417,Stanley Kramer,2026-09-29,2026-02-19
7418,Stanley Kubrick,2026-07-26,2026-03-07
7419,Stanley Tong,,
7420,Stanton Barrett,2026-12-01,
7421,Stark Sands,2026-09-30,
7422,Stefan C. Schaefer,,
7423,Stefan Kapicic,2026-12-01,
7424,Stefan Ruzowitzky,2026-12-25,
7425,Stefan Schwartz,,
7426,Stefania Sandrelli,2026-06-05,
7427,Stefanie Drummond,,
7428,Stefen Fangmeier,2026-12-09,
7429,Steffinnie Phrommany,2026-10-02,
7430,Stellan Skarsg?rd,2026-06-13,
7431,Stephan Elliott,2026-08-27,
7432,Stéphane Aubier,2026-10-08,
7433,Stephane Gauger,,
7434,Stéphane Rousseau,2026-09-17,
7435,Stephanie Berry,,
7436,Stephanie Danielson,2026-04-11,
7437,Stephanie Lemelin,2026-06-29,
7438,Stephanie Leonidas,2026-02-14,
7439,Stephanie March,2026-07-23,
7440,Stephanie Sigman,,
7441,Stephanie Szostak,,
7442,Stephanie Vogt,2026-08-12,
7443,Stephen Amell,2026-05-08,
7444,Stephen Au,2026-04-26,
7445,Stephen Baldwin,2026-05-12,
7446,Stephen Boss,2026-11-17,
7447,Stephen Boyd,2026-07-04,2026-06-02
7448,Stephen Carpenter,,
7449,Stephen Carr,,
7450,Stephen Chbosky,2026-01-25,
7451,Stephen Chow,2026-06-22,
7452,Stephen Colbert,2026-05-13,
7453,Stephen Collins,2026-10-01,
7454,Stephen Daldry,2026-05-02,
7455,Stephen Dillane,2026-03-27,
7456,Stephen Frears,2026-06-20,
7457,Stephen Gaghan,2026-05-06,
7458,Stephen Graham,2026-08-03,
7459,Stephen Henderson,2026-08-31,
7460,Stephen Herek,2026-02-05,
7461,Stephen Hillenburg,2026-08-21,
7462,Stephen Hopkins,,
7463,Stephen J. Anderson,,
7464,Stephen Kay,,
7465,Stephen Kijak,,
7466,Stephen Langford,,
7467,Stephen Macht,2026-05-01,
7468,Stephen Marcus,2026-06-18,
7469,Stephen McCole,,
7470,Stephen McHattie,2026-02-03,
7471,Stephen Merchant,2026-11-24,
7472,Stephen Milburn Anderson,,2026-05-01
7473,Stephen Norrington,,
7474,Stephen Rea,2026-10-31,
7475,Stephen Root,2026-11-17,
7476,Stephen Sommers,2026-03-20,
7477,Stephen Walters,,
7478,Sterling Jerins,2026-06-15,
7479,Sterling Van Wagenen,2026-07-02,
7480,Stevan Mena,,
7481,Steve Antin,2026-04-19,
7482,Steve Bacic,2026-03-13,
7483,Steve Bannos,2026-08-05,
7484,Steve Barron,2026-05-04,
7485,Steve Bastoni,2026-03-04,
7486,Steve Beck,,
7487,Steve Bendelack,,
7488,Steve Bisley,2026-12-26,
7489,Steve Box,2026-01-23,
7490,Steve Boyum,2026-09-04,
7491,Steve Burg,,
7492,Steve Buscemi,2026-12-13,
7493,Steve Byers,2026-12-31,
7494,Steve Carell,2026-08-16,
7495,Steve Carr,,
7496,Steve Carver,2026-04-05,
7497,Steve Coogan,2026-10-14,
7498,Steve Diasparra,,
7499,Steve Duin,,
7500,Steve Earle,2026-01-17,
7501,Steve Gomer,,
7502,Steve Gonsalves,,
7503,Steve Guttenberg,2026-08-24,
7504,Steve Harris,2026-12-03,
7505,Steve Harvey,2026-01-17,
7506,Steve Hickner,,
7507,Steve Howey,2026-07-12,
7508,Steve Irwin,,
7509,Steve James,,
7510,Steve Le Marquand,2026-12-26,
7511,Steve Martino,2026-08-14,
7512,Steve McQueen,2026-10-09,
7513,Steve Miner,2026-06-18,
7514,Steve Oedekerk,2026-11-27,
7515,Steve Pemberton,2026-09-01,
7516,Steve Pink,,
7517,Steve Railsback,2026-11-16,
7518,Steve Rash,,
7519,Steve Reevis,2026-08-14,
7520,Steve Schirripa,2026-08-01,
7521,Steve Taylor,,
7522,Steve Trenbirth,,
7523,Steve Whitmire,2026-09-24,
7524,Steve-O,,
7525,Steven Anthony Lawrence,2026-07-19,
7526,Steven Bauer,2026-12-02,
7527,Steven Berkoff,2026-08-03,
7528,Steven Brill,,
7529,Steven Christopher Parker,2026-01-08,
7530,Steven E. de Souza,2026-11-17,
7531,Steven Elder,,
7532,Steven Hill,2026-02-24,2026-08-23
7533,Steven Mackintosh,2026-04-30,
7534,Steven Michael Quezada,2026-02-15,
7535,Steven Quale,,
7536,Steven R. Monroe,2026-09-15,
7537,Steven Seagal,2026-04-10,
7538,Steven Shainberg,2026-02-05,
7539,Steven Soderbergh,2026-01-14,
7540,Steven Spielberg,2026-12-18,
7541,Steven Waddington,,
7542,Steven Weber,2026-03-04,
7543,Steven Yeun,2026-12-21,
7544,Steven Zaillian,2026-01-30,
7545,Stevie Wonder,2026-05-13,
7546,Stewart Hendler,2026-12-22,
7547,Stewart Raffill,2026-01-27,
7548,Stian Smestad,2026-03-12,
7549,Sticky Fingaz,2026-11-03,
7550,Stig Bergqvist,2026-04-28,
7551,Stig Frode Henriksen,,
7552,Stiles White,,
7553,Stockard Channing,2026-02-13,
7554,Stuart Baird,2026-01-14,
7555,Stuart Beattie,,
7556,Stuart Gillard,2026-04-28,
7557,Stuart Gordon,2026-08-11,
7558,Stuart Hazeldine,2026-06-10,
7559,Stuart Margolin,2026-01-31,
7560,Stuart Whitman,2026-02-01,
7561,Stuart Wilson,,
7562,Sue Corcoran,,
7563,Sullivan Stapleton,2026-06-14,
7564,Sumalee Montano,2026-08-03,
7565,Summer Napoles,,
7566,Summer Phoenix,2026-12-10,
7567,Sung-jun Yoo,,
7568,Sung-kee Ahn,2026-01-01,
7569,Sunil Narkar,,
7570,Sunil Shetty,2026-08-11,
7571,Sunny Mabrey,2026-11-28,
7572,Suraj Sharma,2026-03-21,
7573,Susan Blommaert,2026-10-13,
7574,Susan Chambers,,
7575,Susan Clark,2026-03-08,
7576,Susan Gardner,,
7577,Susan Hampshire,2026-05-12,
7578,Susan Hogan,,
7579,Susan May Pratt,2026-02-08,
7580,Susan Seidelman,2026-12-11,
7581,Susan Stroman,2026-10-17,
7582,Susan Tyrrell,2026-03-18,2026-06-16
7583,Susan Ward,2026-04-15,
7584,Susanna Thompson,2026-01-27,
7585,Susanna White,,
7586,Susannah York,2026-01-09,2026-01-15
7587,Susanne Bier,2026-04-15,
7588,Susanne Lothar,2026-11-15,2026-07-21
7589,Susie Abromeit,2026-11-15,
7590,Susie Essman,2026-05-31,
7591,Sut Jhally,2026-05-29,
7592,Suzi Lorraine,2026-02-15,
7593,Suzie Plakson,2026-06-03,
7594,Suzie Steen,,
7595,Sven Nordin,2026-02-06,
7596,Sven-Ole Thorsen,2026-09-24,
7597,Swami Krishnanad,,
7598,Swoosie Kurtz,2026-09-06,
7599,Syamsul Arifin,,
7600,Sydelle Noel,,
7601,Sydney Penny,2026-08-07,
7602,Sydney Pollack,2026-07-01,2026-05-26
7603,Sylvain Chomet,2026-11-10,
7604,Sylvain White,,
7605,Sylvester Stallone,2026-07-06,
7606,Sylvia Eckhausen,1889-07-20,2026-09-03
7607,Sylvia Syms,2026-01-06,
7608,Sylvio Tabet,,
7609,Synn?ve Macody Lund,,
7610,T.C. Stallings,2026-12-01,
7611,T.I.,2026-09-25,
7612,T.J. Storm,,
7613,T.J. Thyne,2026-03-07,
7614,T.R. Silambarasan,2026-02-03,
7615,T.V. Carpio,,
7616,Tabu,2026-11-04,
7617,Tac Fitzgerald,2026-07-05,
7618,Tadanobu Asano,2026-11-27,
7619,Tadeo Garcia,2026-01-31,
7620,Taedong Park,,
7621,Taika Waititi,2026-08-16,
7622,Takao Okawara,2026-12-20,
7623,Takashi Miike,2026-08-24,
7624,Takashi Shimizu,2026-07-27,
7625,Takashi Shimura,2026-03-12,2026-02-11
7626,Takeshi Kaneshiro,2026-10-11,
7627,Takeshi Kitano,2026-01-18,
7628,Takeshi Kusao,2026-11-20,
7629,Takuya Kimura,2026-11-13,
7630,Tal Bachman,2026-08-13,
7631,Talia Shire,2026-04-25,
7632,Talia Zucker,,
7633,Taliesin Jaffe,2026-01-19,
7634,Talisa Soto,2026-03-27,
7635,Talulah Riley,2026-09-26,
7636,Tamala Jones,2026-11-12,
7637,Tamannaah Bhatia,2026-12-21,
7638,Tamar Novas,2026-10-03,
7639,Tamara Glynn,,
7640,Tamara Jenkins,2026-05-02,
7641,Tamara Taylor,2026-09-27,
7642,Tamara Toumanova,2026-03-02,2026-05-29
7643,Tamara Tunie,2026-03-14,
7644,Tammin Sursok,2026-08-19,
7645,Tammy Blanchard,2026-12-14,
7646,Tammy Davis,2026-11-06,
7647,Tamra Davis,2026-01-22,
7648,Tamsin Egerton,2026-11-26,
7649,Tania Saulnier,2026-03-05,
7650,Tanner Beard,2026-09-16,
7651,Tannishtha Chatterjee,,
7652,Tanya Roberts,2026-10-15,
7653,Tanya van Graan,2026-12-13,
7654,Tao Okamoto,2026-05-22,
7655,Tara Fitzgerald,2026-09-18,
7656,Tara Platt,2026-06-18,
7657,Tara Strohmeier,,
7658,Tara Subkoff,2026-12-10,
7659,Taran Killam,2026-04-01,
7660,Taron Egerton,2026-11-10,
7661,Tarsem Singh,2026-05-26,
7662,Tasha Smith,2026-02-28,
7663,Tate Donovan,2026-09-25,
7664,Tate Taylor,2026-06-03,
7665,Tatiana Suarez-Pico,2026-07-31,
7666,Tatsuo Matsumura,2026-12-18,2026-06-18
7667,Tatum O'Neal,2026-11-05,
7668,Tatyana Ali,2026-01-24,
7669,Tawny Kitaen,2026-08-05,
7670,Tay Garnett,1894-06-13,2026-10-03
7671,Taylor Blackwell,,
7672,Taylor Cole,2026-04-29,
7673,Taylor Dooley,2026-02-26,
7674,Taylor Hackford,2026-12-31,
7675,Taylor Handley,2026-06-01,
7676,Taylor Lautner,2026-02-11,
7677,Taylor Negron,2026-08-01,2026-01-10
7678,Taylor Nichols,2026-03-03,
7679,Taylor Pigeon,,
7680,Tchéky Karyo,2026-10-04,
7681,Teala Dunn,2026-12-08,
7682,Ted Cassidy,2026-07-31,2026-01-16
7683,Ted Danson,2026-12-29,
7684,Ted de Corsia,2026-09-29,2026-04-11
7685,Ted Demme,2026-10-26,2026-01-13
7686,Ted Kotcheff,2026-04-07,
7687,Ted Markland,2026-01-15,2026-12-18
7688,Ted Post,2026-03-31,2026-08-20
7689,Ted Raimi,2026-12-14,
7690,Ted Wass,2026-10-27,
7691,Teddy Chan,,
7692,Teddy Doloir,,
7693,Teddy Sears,2026-04-06,
7694,Telly Savalas,2026-01-21,2026-01-22
7695,Tempestt Bledsoe,2026-08-01,
7696,Temple Grandin,2026-08-29,
7697,Temuera Morrison,2026-12-26,
7698,Tencho Gyalpo,,
7699,Tenoch Huerta,,
7700,Tenzin Thuthob Tsarong,,
7701,Teo Halm,,
7702,Terence Bernie Hines,2026-04-09,
7703,Terence Davies,2026-11-10,
7704,Terence Hill,2026-03-29,
7705,Terence Maynard,,
7706,Terence Yin,2026-05-19,
7707,Terence Young,2026-06-20,2026-09-07
7708,Teresa Wright,2026-10-27,2026-03-06
7709,Teri Garr,2026-12-11,
7710,Teri Polo,2026-06-01,
7711,Terrance Zdunich,,
7712,Terrence Malick,2026-11-30,
7713,Terron R. Parsons,,
7714,Terry,2026-11-30,
7715,Terry Funk,2026-06-30,
7716,Terry George,2026-12-20,
7717,Terry Gilliam,2026-11-22,
7718,Terry Jones,2026-02-01,
7719,Terry Kinney,2026-01-29,
7720,Terry Kiser,2026-08-01,
7721,Terry O'Neill,,
7722,Terry Pheto,,
7723,Terry Walters,,
7724,Terry Zwigoff,2026-05-18,
7725,Terumi Matthews,2026-07-06,
7726,Teryl Rothery,2026-11-09,
7727,Tessa Thompson,2026-10-03,
7728,Tessh? Genda,2026-05-20,
7729,Tetsu Watanabe,,
7730,Texas Battle,2026-08-09,
7731,Teyonah Parris,,
7732,Thaddeus O'Sullivan,,
7733,The Dalai Lama,2026-07-06,
7734,The Edge,2026-08-08,
7735,Thea Sharrock,,
7736,Thekla Reuten,2026-09-16,
7737,Thelma Ritter,2026-02-14,2026-02-05
7738,Theo James,2026-12-16,
7739,Theodore Bikel,2026-05-02,2026-07-21
7740,Theodore Melfi,,
7741,Theodore Witcher,,
7742,Theresa Merritt,2026-09-24,2026-06-12
7743,Theresa Randle,2026-12-27,
7744,Theresa Russell,2026-03-20,
7745,Thierry Harcourt,,
7746,Thom Mathews,2026-11-28,
7747,Thomas Bezucha,2026-03-08,
7748,Thomas Bo Larsen,2026-11-27,
7749,Thomas Brophy,,
7750,Thomas Carter,2026-07-17,
7751,Thomas F. Wilson,,
7752,Thomas Horn,,
7753,Thomas Ian Griffith,2026-03-18,
7754,Thomas Ian Nicholas,2026-07-10,
7755,Thomas Kretschmann,2026-09-08,
7756,Thomas L. Phillips,2026-12-30,
7757,Thomas Law,2026-12-17,
7758,Thomas Lennon,,
7759,Thomas Lilti,,
7760,Thomas McDonell,2026-05-02,
7761,Thomas Middleditch,2026-03-10,
7762,Thomas Mitchell,1892-07-11,2026-12-17
7763,Thomas Robinson,,
7764,Thomas Stroppel,,
7765,Thomas Vinterberg,2026-05-19,
7766,Thor Freudenthal,2026-10-20,
7767,Thorbj?rn Christoffersen,,
7768,Thure Lindhardt,2026-12-24,
7769,Ti West,2026-10-05,
7770,Tia Carrere,2026-01-02,
7771,Tiago Riani,,
7772,Tichina Arnold,2026-06-28,
7773,Tiffany Bolling,2026-02-06,
7774,Tiffany Dupont,2026-03-22,
7775,Tiffany Helm,2026-05-12,
7776,Tiffany Lamb,,
7777,Tika Sumpter,2026-06-20,
7778,Tim Abell,2026-07-01,
7779,Tim Bagley,2026-08-17,
7780,Tim Blake Nelson,2026-05-11,
7781,Tim Boxell,,
7782,Tim Burton,2026-08-25,
7783,Tim Chambers,,
7784,Tim Choate,2026-10-11,2026-09-24
7785,Tim Conway,2026-12-15,
7786,Tim Daly,2026-03-01,
7787,Tim DeKay,2026-06-12,
7788,Tim DeZarn,2026-07-11,
7789,Tim Fywell,2026-10-03,
7790,Tim Guinee,2026-11-18,
7791,Tim Gunn,2026-07-29,
7792,Tim Healy,2026-01-29,
7793,Tim Heidecker,2026-02-03,
7794,Tim Hill,,
7795,Tim Holmes,,
7796,Tim Hunter,2026-06-15,
7797,Tim Johnson,2026-03-17,
7798,Tim Matheson,2026-12-31,
7799,Tim McCanlies,,
7800,Tim McGraw,2026-05-01,
7801,Tim McInnerny,2026-09-18,
7802,Tim Meadows,2026-02-05,
7803,Tim Miller,2026-02-28,
7804,Tim Pigott-Smith,2026-05-13,
7805,Tim Rice,2026-11-10,
7806,Tim Robbins,2026-10-16,
7807,Tim Rose,2026-07-17,
7808,Tim Russ,2026-06-22,
7809,Tim Story,2026-03-13,
7810,Tim Thomerson,2026-04-08,
7811,Tim Williams,2026-02-14,
7812,Timothée Chalamet,,
7813,Timothy Bj?rklund,,
7814,Timothy Bottoms,2026-08-30,
7815,Timothy Hines,,
7816,Timothy Hutton,2026-08-16,
7817,Timothy Patrick Quill,,
7818,Timothy Van Patten,2026-06-10,
7819,Timothy Webber,,
7820,Timothy West,2026-10-20,
7821,Timothy Woodward Jr.,,
7822,Timur Bekmambetov,2026-06-25,
7823,Tina Desai,,
7824,Tina Fey,2026-05-18,
7825,Tina Gilton,,
7826,Tina Gordon Chism,,
7827,Tina Louise,2026-02-11,
7828,Tina Turner,2026-11-26,
7829,Tippi Hedren,2026-01-19,
7830,Tisha Campbell-Martin,2026-10-13,
7831,Tiya Sircar,2026-05-16,
7832,Tjasa Ferme,,
7833,Tobe Hooper,2026-01-25,
7834,Tobey Maguire,2026-06-27,
7835,Tobias Menzies,2026-03-07,
7836,Toby Hemingway,2026-05-28,
7837,Toby Huss,2026-12-09,
7838,Toby Jones,2026-09-07,
7839,Toby Leonard Moore,,
7840,Toby Stephens,2026-04-21,
7841,Tod Fennell,2026-10-18,
7842,Tod Williams,2026-09-27,
7843,Todd Allen,,
7844,Todd Boyce,,
7845,Todd Bridges,2026-05-27,
7846,Todd Field,2026-02-24,
7847,Todd Giebenhain,2026-11-27,
7848,Todd Graff,2026-10-22,
7849,Todd Haynes,2026-01-02,
7850,Todd Lincoln,2026-07-18,
7851,Todd Louiso,2026-01-27,
7852,Todd Phillips,2026-12-20,
7853,Todd Solondz,2026-10-15,
7854,Todd Stashwick,2026-10-16,
7855,Todd Strauss-Schulson,2026-06-24,
7856,Todd Susman,2026-01-17,
7857,Togo Igawa,2026-09-26,
7858,Tom Amandes,2026-03-09,
7859,Tom Ardavany,,
7860,Tom Arnold,2026-03-06,
7861,Tom Atkins,2026-11-13,
7862,Tom Berenger,2026-05-31,
7863,Tom Bosley,2026-10-01,2026-10-19
7864,Tom Bower,2026-01-03,
7865,Tom Brady,,
7866,Tom Burke,,
7867,Tom Burlinson,2026-02-14,
7868,Tom Cavanagh,2026-10-26,
7869,Tom Conti,2026-11-22,
7870,Tom Cruise,2026-07-03,
7871,Tom Cullen,2026-07-17,
7872,Tom Dey,,
7873,Tom DiCillo,2026-08-14,
7874,Tom Dreesen,,
7875,Tom E. Nicholson,,
7876,Tom Elkins,,
7877,Tom Everett,2026-10-21,
7878,Tom Everett Scott,2026-09-07,
7879,Tom Ford,2026-08-27,
7880,Tom Goodman-Hill,,
7881,Tom Gormican,,
7882,Tom Green,2026-07-30,
7883,Tom Guiry,2026-10-12,
7884,Tom Hamann,,
7885,Tom Hanks,2026-07-09,
7886,Tom Hardy,2026-09-15,
7887,Tom Holland,2026-06-01,
7888,Tom Hollander,2026-08-25,
7889,Tom Hooper,2026-10-05,
7890,Tom Hughes,,
7891,Tom Hulce,2026-12-06,
7892,Tom Kalin,,
7893,Tom Kane,2026-04-15,
7894,Tom McCarthy,2026-06-07,
7895,Tom McGrath,2026-08-07,
7896,Tom McLoughlin,,
7897,Tom Noonan,2026-04-12,
7898,Tom Putnam,2026-03-25,
7899,Tom Reeve,,
7900,Tom Sanchez,2026-07-14,
7901,Tom Schulman,2026-10-20,
7902,Tom Seidman,,
7903,Tom Selleck,2026-01-29,
7904,Tom Shadyac,2026-12-11,
7905,Tom Sizemore,2026-11-29,
7906,Tom Skerritt,2026-08-25,
7907,Tom Stedham,,
7908,Tom Sturridge,2026-12-21,
7909,Tom Tykwer,2026-05-23,
7910,Tom Vaughan,2026-09-05,
7911,Tom Virtue,2026-11-19,
7912,Tom Waits,2026-12-07,
7913,Tom Walsh,,
7914,Tom Welling,2026-04-26,
7915,Tom Wilkinson,2026-02-05,
7916,Tomas Alfredson,2026-04-01,
7917,Tómas Lemarquis,2026-08-03,
7918,Tomiwa Edun,,
7919,Tomm Moore,2026-01-07,
7920,Tommy Knight,2026-01-22,
7921,Tommy Lee Jones,2026-09-15,
7922,Tommy Lee Wallace,2026-09-06,
7923,Tommy O'Haver,2026-10-24,
7924,Tommy O'Reilly,,
7925,Tommy Oliver,,
7926,Tommy Pallotta,2026-05-25,
7927,Tommy Sheppard,,
7928,Tommy the Clown,,
7929,Tommy Wirkola,2026-12-06,
7930,Toni Braxton,2026-10-07,
7931,Toni Servillo,2026-08-09,
7932,Tony Alva,,
7933,Tony Amendola,2026-08-24,
7934,Tony Bancroft,,
7935,Tony Bennett,2026-08-03,
7936,Tony Bill,2026-08-23,
7937,Tony Bonner,2026-11-23,
7938,Tony Chiu Wai Leung,2026-06-27,
7939,Tony Corvillo,,
7940,Tony Cox,,
7941,Tony Curran,2026-12-13,
7942,Tony Danza,2026-04-21,
7943,Tony Devon,2026-12-05,
7944,Tony Doupe,,
7945,Tony Ganios,2026-10-21,
7946,Tony Giglio,,
7947,Tony Gilroy,2026-09-11,
7948,Tony Goldwyn,2026-05-20,
7949,Tony Jaa,2026-02-05,
7950,Tony Jay,2026-02-02,2026-08-13
7951,Tony Kaye,,
7952,Tony Kgoroge,,
7953,Tony Krantz,,
7954,Tony Lo Bianco,2026-10-19,
7955,Tony Maylam,2026-05-26,
7956,Tony Nappo,,
7957,Tony Noble,,
7958,Tony Plana,2026-04-19,
7959,Tony Richardson,2026-06-05,2026-11-14
7960,Tony Scott,2026-06-21,2026-08-19
7961,Tony Way,2026-10-07,
7962,Tonya Lee Williams,2026-07-12,
7963,Topher Grace,2026-07-12,
7964,Topol,2026-09-09,
7965,Torey Michael Adkins,,
7966,Tori Spelling,2026-05-16,
7967,Tovah Feldshuh,2026-12-27,
7968,Tracey Walter,2026-11-25,
7969,Traci Dinwiddie,2026-12-22,
7970,Traci Lords,2026-05-07,
7971,Tracie Thoms,2026-08-19,
7972,Tracy Camilla Johns,2026-04-12,
7973,Tracy Letts,2026-07-04,
7974,Tracy Middendorf,2026-01-26,
7975,Tracy Morgan,2026-11-10,
7976,Tran Anh Hung,2026-12-23,
7977,Travis Aaron Wade,2026-09-27,
7978,Travis Betz,2026-12-16,
7979,Travis Cluff,,
7980,Travis Legge,,
7981,Travis Myers,,
7982,Travis Romero,2026-10-12,
7983,Travis Smith,,
7984,Travis Zariwny,,
7985,Traylor Howard,2026-06-14,
7986,Treat Williams,2026-12-01,
7987,Trent Cooper,,
7988,Trent Ford,2026-01-15,
7989,Trenton Rostedt,2026-08-27,
7990,Trevor Blumas,2026-10-16,
7991,Trevor Howard,2026-09-29,2026-01-07
7992,Trevor Morgan,2026-11-26,
7993,Trey Loney,,
7994,Trey Parker,2026-10-19,
7995,Trieu Tran,,
7996,Trine Dyrholm,2026-04-15,
7997,Trish Basinger,,
7998,Tristan Mack Wilds,2026-07-15,
7999,Troy Duffy,2026-06-08,
8000,Troy Evans,2026-02-16,
8001,Troy Garity,2026-07-07,
8002,Troy Miller,,
8003,Troy Nixey,,
8004,Tshewang Dendup,,
8005,Tsianina Joelson,2026-01-16,
8006,Tuck Tucker,,
8007,Tucker Albrizzi,,
8008,Tucker Smallwood,2026-02-22,
8009,Tuesday Knight,2026-02-17,
8010,Tulku Jamyang Kunga Tenzin,,
8011,Tung-Shing Yee,2026-12-28,
8012,Tuppence Middleton,2026-02-21,
8013,Ty Burrell,2026-08-22,
8014,Ty Olsson,2026-01-28,
8015,Ty Parker,2026-10-19,
8016,Tye Sheridan,2026-11-11,
8017,Tygo Gernandt,2026-04-07,
8018,Tyler Hilton,2026-11-22,
8019,Tyler James Williams,2026-10-09,
8020,Tyler Labine,2026-04-29,
8021,Tyler Mane,2026-12-08,
8022,Tyler Oliver,,
8023,Tyler Perry,2026-09-14,
8024,Tyra Banks,2026-12-04,
8025,Tyrone Benskin,2026-12-29,
8026,Tyrone Giordano,2026-04-18,
8027,Tyrone Keogh,,
8028,Tyrone Power,2026-05-05,2026-11-15
8029,Tzi Ma,,
8030,U. Roberto Romano,,2026-11-01
8031,Uday Chopra,2026-01-05,
8032,Udayan Prasad,,
8033,Udo Kier,2026-10-14,
8034,Uli Edel,2026-04-11,
8035,Ulrich Mühe,,
8036,Ulrich Thomsen,2026-12-06,
8037,Ulrich Tukur,2026-07-29,
8038,Ulu Grosbard,2026-01-09,2026-03-19
8039,Unax Ugalde,2026-11-27,
8040,Ursula Andress,2026-03-19,
8041,Usher Raymond,2026-10-14,
8042,Uwe Boll,2026-06-22,
8043,Vadim Perelman,,
8044,Val Kilmer,2026-12-31,
8045,Valarie Pettiford,2026-07-08,
8046,Valente Rodriguez,2026-02-14,
8047,Valentin Golubenko,2026-10-08,
8048,Valentine,1895-02-14,2026-11-16
8049,Valeri Milev,,
8050,Valeria Golino,2026-10-22,
8051,Valerie Cruz,2026-07-18,
8052,Valérie Lemercier,2026-03-09,
8053,Valerie Perri,,
8054,Valerie Tian,2026-04-21,
8055,Vanesa Tomasino,2026-10-13,
8056,Vanessa Angel,2026-11-10,
8057,Vanessa Aspillaga,2026-09-16,
8058,Vanessa Ferlito,2026-12-28,
8059,Vanessa Hessler,2026-01-21,
8060,Vanessa Lee Chester,2026-07-02,
8061,Vanessa Lengies,2026-07-21,
8062,Vanessa Marshall,2026-10-19,
8063,Vanessa Martinez,2026-06-19,
8064,Vanessa Matsui,,
8065,Vanessa Ray,2026-06-24,
8066,Vanessa Redgrave,2026-01-30,
8067,Vanessa Williams,2026-03-18,
8068,Vanessa Zima,2026-03-29,
8069,Vanilla Ice,2026-10-31,
8070,Vanity,2026-01-04,2026-02-15
8071,Vanna Bonta,2026-04-03,2026-07-08
8072,Vanna White,2026-02-18,
8073,Vauxhall Jermaine,,
8074,Velibor Topic,,
8075,Venida Evans,2026-09-02,
8076,Venus Schultheis,,
8077,Vera Farmiga,2026-08-06,
8078,Vera Miles,2026-08-23,
8079,Vera Ngassa,,
8080,Vera Wilson,,
8081,Verne Troyer,2026-01-01,
8082,Vernee Watson,2026-01-14,
8083,Vernon Dobtcheff,2026-08-14,
8084,Vernon Wells,2026-12-31,
8085,Veronica Cartwright,2026-04-20,
8086,Veronica Ferres,2026-06-10,
8087,Veronica Taylor,2026-12-04,
8088,Veronika Dash,,
8089,Veronika Vernadskaya,2026-05-07,
8090,Vic Armstrong,2026-10-05,
8091,Vic Aviles,2026-12-10,
8092,Vic Mignogna,2026-08-27,
8093,Vic Morrow,2026-02-14,2026-07-23
8094,Vic Sarin,,
8095,Vic Waghorn,,
8096,Vicente Amorim,,
8097,Vicky Jenson,,
8098,Vicky Jewson,,
8099,Vicky Krieps,2026-10-04,
8100,Victor Buono,2026-02-03,2026-01-01
8101,Victor Fleming,1889-02-23,2026-01-06
8102,Victor Mature,2026-01-29,2026-08-04
8103,Victor McLaglen,1886-12-10,2026-11-07
8104,Victor Nunez,,
8105,Victor Rasuk,2026-01-15,
8106,Victor Rivers,,
8107,Victor Salva,2026-03-29,
8108,Victor Webster,2026-02-07,
8109,Victor Wong,,
8110,Victor Zinck Jr.,,
8111,Victoria Beckham,2026-04-17,
8112,Victoria Jackson,2026-08-02,
8113,Victoria Lachelle,,
8114,Victoria Learn,2026-05-01,
8115,Victoria Leigh,,
8116,Victoria Smurfit,2026-03-31,
8117,Victoria Thaine,,
8118,Vidhu Vinod Chopra,,
8119,Vidya Balan,2026-01-01,
8120,Viggo Mortensen,2026-10-20,
8121,Vijay Chandar,,
8122,Vin Diesel,2026-07-18,
8123,Vince Colosimo,2026-11-06,
8124,Vince Corazza,2026-12-06,
8125,Vince McMahon,2026-08-24,
8126,Vince Vieluf,2026-11-10,
8127,Vincent Chimato,,
8128,Vincent De Paul,2026-09-14,
8129,Vincent Duvall,,
8130,Vincent Gallo,2026-04-11,
8131,Vincent Guastaferro,2026-04-06,
8132,Vincent Kartheiser,2026-05-05,
8133,Vincent Leclerc,,
8134,Vincent Paronnaud,,
8135,Vincent Pastore,2026-07-14,
8136,Vincent Perez,2026-06-10,
8137,Vincent Regan,2026-05-16,
8138,Vincent Schiavelli,2026-11-11,2026-12-26
8139,Vincent Walsh,2026-02-04,
8140,Vincent Ward,2026-02-16,
8141,Vincente Minnelli,2026-02-28,2026-07-25
8142,Vincenzo Natali,2026-01-06,
8143,Vinessa Shaw,2026-07-19,
8144,Violante Placido,2026-05-01,
8145,Vipul Amrutlal Shah,,
8146,Virginia Capers,2026-09-22,2026-05-06
8147,Virginia Leith,2026-10-15,
8148,Virginia Madsen,2026-09-11,
8149,Virginie Ledoyen,2026-11-15,
8150,Vivek Agnihotri,,
8151,Vivian Lamolli,,
8152,Vivica A. Fox,2026-07-30,
8153,Vlad Ivanov,2026-08-04,
8154,Vladimir Garin,2026-01-25,2026-06-24
8155,Vladimir Kulich,2026-07-14,
8156,Vladlen Barbe,2026-03-08,
8157,Vondie Curtis-Hall,2026-09-30,
8158,W. Earl Brown,2026-09-07,
8159,W.D. Hogan,,
8160,Wade Gasque,,
8161,Wade Williams,2026-12-24,
8162,Wagner Moura,2026-06-27,
8163,Wai-Keung Lau,2026-04-04,
8164,Wajahat Rauf,,
8165,Wale Ojo,,
8166,Wallace Wolodarsky,,
8167,Wally Pfister,2026-07-08,
8168,Walt Becker,2026-09-16,
8169,Walter Brennan,1894-07-25,2026-09-21
8170,Walter Connolly,1887-04-08,2026-05-28
8171,Walter Hendrix III,,
8172,Walter Hill,2026-01-10,
8173,Walter Koenig,2026-09-14,
8174,Walter Lang,2026-11-12,
8175,Walter Long,2026-11-12,
8176,Walter Masterson,,
8177,Walter Murch,2026-07-12,
8178,Walter Pidgeon,1897-09-23,2026-09-25
8179,Walter Salles,2026-04-12,
8180,Wanda Sykes,2026-03-07,
8181,Ward G. Smith,2026-07-06,
8182,Ward Roberts,2026-09-01,
8183,Waris Ahluwalia,,
8184,Warren Beatty,2026-03-30,
8185,Warren Christie,2026-11-04,
8186,Warren Clarke,2026-04-26,2026-11-12
8187,Warren Oates,2026-07-05,2026-04-03
8188,Warren P. Sonoda,,
8189,Warren Sheppard,,
8190,Wayne Beach,,
8191,Wayne Brady,2026-06-02,
8192,Wayne Knight,2026-08-07,
8193,Wayne Kramer,,
8194,Wayne Pygram,2026-10-13,
8195,Wayne Thornley,,
8196,Wayne Wang,2026-01-12,
8197,Wei Tang,2026-10-07,
8198,Wei Zhao,2026-03-12,
8199,Wendee Lee,2026-02-20,
8200,Wendell Pierce,2026-12-08,
8201,Wendi McLendon-Covey,2026-10-10,
8202,Wendie Malick,2026-12-13,
8203,Wendy Crewson,2026-05-09,
8204,Wendy Raquel Robinson,2026-07-25,
8205,Werner Herzog,2026-09-05,
8206,Wes Anderson,2026-05-01,
8207,Wes Ball,,
8208,Wes Craven,2026-08-02,2026-08-30
8209,Wes Studi,2026-12-17,
8210,Wesley Jonathan,2026-10-18,
8211,Whit Bissell,2026-10-25,2026-03-05
8212,Whit Spurgeon,,
8213,Whit Stillman,2026-01-25,
8214,Whitney Able,2026-06-02,
8215,Wil Shriner,2026-12-06,
8216,Wilbur 'Hi-Fi' White,2026-09-08,
8217,Wilford Brimley,2026-09-27,
8218,Wilhelm von Homburg,2026-08-25,2026-03-10
8219,Will Beinbrink,,
8220,Will Canon,,
8221,Will Estes,2026-10-21,
8222,Will Ferrell,2026-07-16,
8223,Will Finn,,
8224,Will Forte,2026-06-17,
8225,Will Geer,2026-03-09,2026-04-22
8226,Will Gluck,,
8227,Will Oldham,2026-12-24,
8228,Will Patton,2026-06-14,
8229,Will Rothhaar,2026-01-12,
8230,Will Smith,2026-09-25,
8231,Will Wright,,
8232,Will.i.am,2026-03-15,
8233,Willard Huyck,2026-09-08,
8234,William A. Fraker,2026-09-29,2026-05-31
8235,William A. Graham,2026-05-15,2026-09-12
8236,William Abadie,,
8237,William Arntz,,
8238,William Atherton,2026-07-30,
8239,William Baldwin,2026-02-21,
8240,William Bassett,2026-12-28,
8241,William Bindley,,
8242,William Brent Bell,,
8243,William Butler,2026-12-18,
8244,William Condos,2026-10-22,
8245,William Cottrell,2026-11-19,2026-12-22
8246,William Dear,,
8247,William Devane,2026-09-05,
8248,William Eubank,,
8249,William Friedkin,2026-08-29,
8250,William Gates,,
8251,William Gazecki,,
8252,William H. Macy,2026-03-13,
8253,William Hickey,2026-09-19,2026-06-29
8254,William Holden,2026-04-17,2026-11-16
8255,William Hootkins,2026-07-05,2026-10-23
8256,William Hurt,2026-03-20,
8257,William Joseph Elk III,2026-07-15,
8258,William Katt,2026-02-16,
8259,William Kaufman,,
8260,William Kircher,,
8261,William Lee Scott,2026-07-06,
8262,William Lucking,2026-06-17,
8263,William Malone,,
8264,William Mapother,2026-04-17,
8265,William McNamara,2026-03-31,
8266,William Miller,2026-06-14,
8267,William Morgan Sheppard,2026-08-24,
8268,William Petersen,2026-02-21,
8269,William Phillips,2026-09-28,2026-12-17
8270,William Ragsdale,2026-01-19,
8271,William Sachs,,
8272,William Sanderson,2026-09-21,
8273,William Schallert,2026-07-06,2026-05-08
8274,William Shatner,2026-03-22,
8275,William Shimell,2026-09-23,
8276,William Shockley,2026-09-17,
8277,William Smith,,
8278,William Windom,2026-09-28,2026-08-16
8279,William Wyler,2026-07-01,2026-07-27
8280,William Xifaras,,
8281,William Zabka,2026-10-20,
8282,Willie Garson,2026-02-20,
8283,Willie Nelson,2026-04-30,
8284,Willow Smith,2026-10-31,
8285,Wilson Cruz,2026-12-27,
8286,Wilson Guerrero,,
8287,Wilson Yip,,
8288,Windell Middlebrooks,2026-01-08,2026-03-09
8289,Winter Ave Zoli,,
8290,Wolfgang Becker,2026-06-22,
8291,Wolfgang Petersen,2026-03-14,
8292,Wolfgang Preiss,2026-02-27,2026-11-27
8293,Woo-hee Chun,2026-04-20,
8294,Woo-Suk Kang,2026-11-10,
8295,Woo-sung Jung,2026-03-11,
8296,Wood Harris,2026-10-17,
8297,Woody Allen,2026-12-01,
8298,Woody Strode,2026-07-25,2026-12-31
8299,Wray Crawford,,
8300,Wych Kaosayananda,,
8301,Xander Berkeley,2026-12-16,
8302,Xavier Beauvois,2026-03-20,
8303,Xavier Gens,2026-04-27,
8304,Ximena Ayala,,
8305,Xinhua Jiang,,
8306,Xzibit,2026-09-18,
8307,Yaakov Peri,,
8308,Yangzom Brauen,,
8309,Yaphet Kotto,2026-11-15,
8310,Yarrow Cheney,,
8311,Yash Chopra,2026-09-27,2026-10-21
8312,Yasmine Al Massri,,
8313,Yassie Hawkes,,
8314,Yassine Azzouz,,
8315,Yasuaki Kurata,2026-03-20,
8316,Yaya DaCosta,2026-11-15,
8317,Yayan Ruhian,,
8318,Yayaying Rhatha Phongam,2026-05-19,
8319,Ye Liu,2026-03-23,
8320,Yeardley Smith,2026-07-03,
8321,Yenny Paola Vega,,
8322,Yeong-ae Lee,2026-12-12,
8323,Yetta Gottesman,,
8324,Yimou Zhang,2026-11-14,
8325,Yolande Moreau,2026-02-27,
8326,Yorgos Lanthimos,,
8327,Yorick van Wageningen,2026-04-16,
8328,Yousef 'Joe' Sweid,2026-06-22,
8329,Youssef Delara,,
8330,Youssef Hajdi,2026-06-08,
8331,Y? Aoi,2026-03-27,
8332,Yu-mi Jeong,2026-02-23,
8333,Yuanyuan Gao,2026-10-05,
8334,Yuefeng Song,,
8335,Y?ki Amami,2026-08-08,
8336,Yuki Matsuzaki,2026-09-24,
8337,Yul Vazquez,,
8338,Yuliya Snigir,2026-06-02,
8339,Yuqi Zhang,2026-08-08,
8340,Yuri Lowenthal,2026-03-05,
8341,Yuria Nara,2026-12-21,
8342,Yuriy Tsurilo,2026-12-10,
8343,Y?suke Iseya,2026-05-29,
8344,Yuval Diskin,,
8345,Yves Jacques,2026-06-11,2026-06-25
8346,Yvette Mimieux,2026-01-08,
8347,Yvette Nicole Brown,2026-08-12,
8348,Yvonne Zima,2026-01-16,
8349,Zach Braff,2026-04-06,
8350,Zach Callison,2026-10-23,
8351,Zach Cregger,2026-03-01,
8352,Zach Galligan,2026-02-14,
8353,Zach Gilford,2026-01-14,
8354,Zach Grenier,2026-02-12,
8355,Zach McGowan,,
8356,Zach Mills,2026-12-26,
8357,Zach Woods,2026-09-25,
8358,Zachary Gordon,2026-02-15,
8359,Zachary Knighton,2026-10-25,
8360,Zachery Ty Bryan,2026-10-09,
8361,Zack Pearlman,,
8362,Zack Snyder,2026-03-01,
8363,Zack Ward,2026-08-31,
8364,Zackary Adler,,
8365,Zackary Steven Graham,2026-04-27,
8366,Zahava Solomon,,
8367,Zahn McClarnon,2026-10-24,
8368,Zaide Silvia Gutiérrez,2026-11-02,
8369,Zak Orth,2026-10-15,
8370,Zak Penn,2026-09-01,
8371,Zakes Mokae,2026-08-05,2026-09-11
8372,Zal Batmanglij,,
8373,Zan Marolt,2026-09-25,2026-07-11
8374,Zane Holtz,2026-01-18,
8375,Zayn Malik,2026-01-12,
8376,Zelda Rubinstein,2026-05-28,2026-01-27
8377,Zen McGrath,2026-07-30,
8378,Zena Grey,2026-11-15,
8379,Zero Mostel,2026-02-28,2026-09-08
8380,Zhanna Friske,2026-07-08,2026-06-15
8381,Zheng Xu,2026-04-18,
8382,Zhengyong Zhang,,
8383,Zhonghua Chen,,
8384,Zinedine Soualem,2026-04-17,
8385,Zo? Bell,2026-11-17,
8386,Zoe Kazan,2026-09-09,
8387,Zo? Kravitz,2026-12-01,
8388,Zoe Levin,,
8389,Zoe Lister-Jones,2026-09-01,
8390,Zo? Poledouris,2026-08-25,
8391,Zoe Ventoura,,
8392,Zoey Deutch,2026-11-10,
8393,Zohra Segal,2026-04-27,2026-07-10
8394,Zooey Deschanel,2026-01-17,
8395,Zoran Lisinac,,
8396,Zubaida Sahar,,
8397,Zuhair Haddad,,
